업소명;프랜차이즈명;시/도;군/구;읍/면/동;상세주소;전화번호
당신은지금치킨이땡긴다-논현2호점;당신은지금치킨이땡긴다;서울;강남구;논현동;108 논현웰스톤 지하2층 B201호 주방26호; 050352995352
당신은지금치킨이땡긴다-논현2호점;당신은지금치킨이땡긴다;서울;강남구;논현동;108 논현웰스톤 지하2층 B201호 주방26호; 050352995352
치킨이맛있는집-개포본점;;서울;강남구;개포동;1222-11 1층 101,102호; 050352577202
맘스터치-포이사거리점;맘스터치;서울;강남구;개포동;1229-6 1층 101호; 050352888378
맘스터치-포이사거리점;맘스터치;서울;강남구;개포동;1229-6 1층 101호; 050352888378
BHC-양재점;BHC;서울;강남구;개포동;1236-6 1층 102호; 050712900255
BHC-양재점;BHC;서울;강남구;개포동;1236-6 1층 102호; 050712900255
굽네치킨&피자-도곡2동점;굽네치킨;서울;강남구;도곡동;414-6 1층 101호; 050712947671
굽네치킨&피자-도곡2동점;굽네치킨;서울;강남구;도곡동;414-6 1층 101호; 050712947671
굽네치킨&피자-도곡2동점;굽네치킨;서울;강남구;도곡동;414-6 1층 101호; 050712947671
지코바치킨-대치1호점;지코바;서울;강남구;대치동;922-27 대치4동우편취급소 1층 101호; 050718657139
지코바치킨-대치1호점;지코바;서울;강남구;대치동;922-27 대치4동우편취급소 1층 101호; 050718657139
굽네치킨&피자-개포4동점;굽네치킨;서울;강남구;개포동;1221 지상1층; 050712941436
굽네치킨&피자-개포4동점;굽네치킨;서울;강남구;개포동;1221 지상1층; 050712941436
굽네치킨&피자-개포4동점;굽네치킨;서울;강남구;개포동;1221 지상1층; 050712941436
페리카나-개포3점;페리카나;서울;강남구;개포동;1218-22 지상1층; 050712902281
페리카나-개포3점;페리카나;서울;강남구;개포동;1218-22 지상1층; 050712902281
페리카나-개포3점;페리카나;서울;강남구;개포동;1218-22 지상1층; 050712902281
페리카나-개포3점;페리카나;서울;강남구;개포동;1218-22 지상1층; 050712902281
페리카나-개포3점;페리카나;서울;강남구;개포동;1218-22 지상1층; 050712902281
페리카나-개포3점;페리카나;서울;강남구;개포동;1218-22 지상1층; 050712902281
페리카나-개포3점;페리카나;서울;강남구;개포동;1218-22 지상1층; 050712902281
페리카나-개포3점;페리카나;서울;강남구;개포동;1218-22 지상1층; 050712902281
페리카나-개포3점;페리카나;서울;강남구;개포동;1218-22 지상1층; 050712902281
페리카나-개포3점;페리카나;서울;강남구;개포동;1218-22 지상1층; 050712902281
봉추찜닭-강남358타워점;봉추찜닭;서울;강남구;역삼동;826-14 강남358타워 강남358타워;
굼터치킨;;서울;강남구;도곡동;944-1 1층;
명가옛날통닭-역삼점;명가옛날통닭;서울;강남구;역삼동;840-7 1층 101호;
피자나라치킨공주-서울개포점;피자나라치킨공주;서울;강남구;개포동;1212-7 1층 103호; 050702790410
피자나라치킨공주-서울개포점;피자나라치킨공주;서울;강남구;개포동;1212-7 1층 103호; 050702790410
맘스터치-양재역점;맘스터치;서울;강남구;도곡동;956 서브원 강남빌딩 1층; 050352851370
바른치킨-개포점;바른치킨;서울;강남구;개포동;159-6; 050352932018
바른치킨-개포점;바른치킨;서울;강남구;개포동;159-6; 050352932018
바른치킨-개포점;바른치킨;서울;강남구;개포동;159-6; 050352932018
바른치킨-개포점;바른치킨;서울;강남구;개포동;159-6; 050352932018
바른치킨-개포점;바른치킨;서울;강남구;개포동;159-6; 050352932018
바른치킨-개포점;바른치킨;서울;강남구;개포동;159-6; 050352932018
설맥딜리버리-논현직영점;;서울;강남구;논현동;163-17 상당빌딩 101호; 050352855678
뉴욕치킨앤윙비어플러스;;서울;강남구;역삼동;646-4 2층;
치떡스치킨&떡볶이;;서울;강남구;역삼동;648-23 지하1층 15호;
치떡스치킨&떡볶이;;서울;강남구;역삼동;648-23 지하1층 15호;
치떡스치킨&떡볶이;;서울;강남구;역삼동;648-23 지하1층 15호;
마스터피킨;;서울;강남구;역삼동;719-24 역삼역센트럴푸르지오 b1층 123호; 050352902988
마스터피킨;;서울;강남구;역삼동;719-24 역삼역센트럴푸르지오 b1층 123호; 050352902988
청년치킨-역삼점;청년치킨;서울;강남구;역삼동;752-41 1층 1호; 050712985821
청년치킨-역삼점;청년치킨;서울;강남구;역삼동;752-41 1층 1호; 050712985821
청년치킨-역삼점;청년치킨;서울;강남구;역삼동;752-41 1층 1호; 050712985821
청년치킨-역삼점;청년치킨;서울;강남구;역삼동;752-41 1층 1호; 050712985821
청년치킨-역삼점;청년치킨;서울;강남구;역삼동;752-41 1층 1호; 050712985821
청년치킨-역삼점;청년치킨;서울;강남구;역삼동;752-41 1층 1호; 050712985821
청년치킨-역삼점;청년치킨;서울;강남구;역삼동;752-41 1층 1호; 050712985821
청년치킨-역삼점;청년치킨;서울;강남구;역삼동;752-41 1층 1호; 050712985821
영동옛날통닭-강남점;;서울;강남구;논현동;144-15 1층; 050352574391
영동옛날통닭-강남점;;서울;강남구;논현동;144-15 1층; 050352574391
영동옛날통닭-강남점;;서울;강남구;논현동;144-15 1층; 050352574391
영동옛날통닭-강남점;;서울;강남구;논현동;144-15 1층; 050352574391
영동옛날통닭-강남점;;서울;강남구;논현동;144-15 1층; 050352574391
미스터존슨바베큐-강남점;;서울;강남구;논현동;233-4, 지하층1호; 050712935330
미스터존슨바베큐-강남점;;서울;강남구;논현동;233-4, 지하층1호; 050712935330
청춘닭꼬치-역삼점;청춘닭꼬치;서울;강남구;역삼동;639-16 1층; 050352861444
청춘닭꼬치-역삼점;청춘닭꼬치;서울;강남구;역삼동;639-16 1층; 050352861444
서울제일치킨-강남본점;;서울;강남구;논현동;165-11 2층 3층; 050353718125
서울제일치킨-강남본점;;서울;강남구;논현동;165-11 2층 3층; 050353718125
청춘닭꼬치-강남점;청춘닭꼬치;서울;강남구;역삼동;639-16 1층; 050718646386
청춘닭꼬치-강남점;청춘닭꼬치;서울;강남구;역삼동;639-16 1층; 050718646386
사또치킨-압구정점;사또치킨;서울;강남구;신사동;615-1 코끼리상가 지상1층 10호; 050352420717
사또치킨-압구정점;사또치킨;서울;강남구;신사동;615-1 코끼리상가 지상1층 10호; 050352420717
서울3대치킨계열사-논현점;;서울;강남구;논현동;230-18 102호; 050718641198
서울3대치킨계열사-논현점;;서울;강남구;논현동;230-18 102호; 050718641198
은하수[:天の河];;서울;강남구;역삼동;811 3층; 050352930228
캘리포니아;;서울;강남구;신사동;526-1 1층;
네네치킨-강남신사점;네네치킨;서울;강남구;신사동;569-26 1층; 050712980639
맘스터치-강남논현점;맘스터치;서울;강남구;논현동;170-28 1층; 050352979540
맘스터치-강남논현점;맘스터치;서울;강남구;논현동;170-28 1층; 050352979540
신세계치밥도시락-삼성동점;;서울;강남구;삼성동;8-2 브라운스톤 레전드 8-2 브라운스톤 레전드 지하1층 B110호, B111호, 주방3호;
롯데리아-학동역점;롯데리아;서울;강남구;논현동;89-22 국제빌딩 지상1층; 050718647394
롯데리아-학동역점;롯데리아;서울;강남구;논현동;89-22 국제빌딩 지상1층; 050718647394
롯데리아-학동역점;롯데리아;서울;강남구;논현동;89-22 국제빌딩 지상1층; 050718647394
BHC-압구정역점;BHC;서울;강남구;신사동;566-35 지상1층; 050718614287
BHC-압구정역점;BHC;서울;강남구;신사동;566-35 지상1층; 050718614287
BHC-압구정역점;BHC;서울;강남구;신사동;566-35 지상1층; 050718614287
BHC-압구정역점;BHC;서울;강남구;신사동;566-35 지상1층; 050718614287
비스트로피자-강남1호점;비스트로피자;서울;강남구;논현동;262 262 지상1층 102호;
비스트로피자-강남1호점;비스트로피자;서울;강남구;논현동;262 262 지상1층 102호;
굽네치킨&피자-논현1동점;굽네치킨;서울;강남구;논현동;123-1 1층; 050712998752
굽네치킨&피자-논현1동점;굽네치킨;서울;강남구;논현동;123-1 1층; 050712998752
굽네치킨&피자-논현1동점;굽네치킨;서울;강남구;논현동;123-1 1층; 050712998752
굽네치킨&피자-논현1동점;굽네치킨;서울;강남구;논현동;123-1 1층; 050712998752
BBQ-신사가로수길점;BBQ;서울;강남구;신사동;535-8 한교빌딩 지상2층; 050352907156
BBQ-신사가로수길점;BBQ;서울;강남구;신사동;535-8 한교빌딩 지상2층; 050352907156
BBQ-신사가로수길점;BBQ;서울;강남구;신사동;535-8 한교빌딩 지상2층; 050352907156
BBQ-신사가로수길점;BBQ;서울;강남구;신사동;535-8 한교빌딩 지상2층; 050352907156
BBQ-신사가로수길점;BBQ;서울;강남구;신사동;535-8 한교빌딩 지상2층; 050352907156
BBQ-신사가로수길점;BBQ;서울;강남구;신사동;535-8 한교빌딩 지상2층; 050352907156
BBQ-신사가로수길점;BBQ;서울;강남구;신사동;535-8 한교빌딩 지상2층; 050352907156
싸움의고수-압구정점;싸움의고수;서울;강남구;신사동;620 압구정스퀘어 지상 1층 107호;
땅땅치킨-강남논현점;땅땅치킨;서울;강남구;논현동;191-3 1층 105호; 050352991376
깐부치킨-언주역점;깐부치킨;서울;강남구;논현동;192-3 프라임아파트 1층 103호;
깐부치킨-언주역점;깐부치킨;서울;강남구;논현동;192-3 프라임아파트 1층 103호;
둘둘치킨-역삼1호점;둘둘치킨;서울;강남구;역삼동;644-4 진남빌딩 2층;
피자나라치킨공주-강남논현점;피자나라치킨공주;서울;강남구;논현동;180-8; 050352904825
피자나라치킨공주-강남논현점;피자나라치킨공주;서울;강남구;논현동;180-8; 050352904825
피자나라치킨공주-강남논현점;피자나라치킨공주;서울;강남구;논현동;180-8; 050352904825
피자나라치킨공주-강남논현점;피자나라치킨공주;서울;강남구;논현동;180-8; 050352904825
피자나라치킨공주-강남논현점;피자나라치킨공주;서울;강남구;논현동;180-8; 050352904825
피자나라치킨공주-강남논현점;피자나라치킨공주;서울;강남구;논현동;180-8; 050352904825
피자나라치킨공주-강남논현점;피자나라치킨공주;서울;강남구;논현동;180-8; 050352904825
피자나라치킨공주-강남논현점;피자나라치킨공주;서울;강남구;논현동;180-8; 050352904825
피자나라치킨공주-강남논현점;피자나라치킨공주;서울;강남구;논현동;180-8; 050352904825
피자나라치킨공주-강남논현점;피자나라치킨공주;서울;강남구;논현동;180-8; 050352904825
피자나라치킨공주-강남논현점;피자나라치킨공주;서울;강남구;논현동;180-8; 050352904825
피자나라치킨공주-강남논현점;피자나라치킨공주;서울;강남구;논현동;180-8; 050352904825
피자나라치킨공주-강남논현점;피자나라치킨공주;서울;강남구;논현동;180-8; 050352904825
피자나라치킨공주-강남논현점;피자나라치킨공주;서울;강남구;논현동;180-8; 050352904825
피자나라치킨공주-강남논현점;피자나라치킨공주;서울;강남구;논현동;180-8; 050352904825
피자나라치킨공주-강남논현점;피자나라치킨공주;서울;강남구;논현동;180-8; 050352904825
피자나라치킨공주-강남논현점;피자나라치킨공주;서울;강남구;논현동;180-8; 050352904825
피자나라치킨공주-강남논현점;피자나라치킨공주;서울;강남구;논현동;180-8; 050352904825
피자나라치킨공주-강남논현점;피자나라치킨공주;서울;강남구;논현동;180-8; 050352904825
피자나라치킨공주-강남논현점;피자나라치킨공주;서울;강남구;논현동;180-8; 050352904825
피자나라치킨공주-강남논현점;피자나라치킨공주;서울;강남구;논현동;180-8; 050352904825
피자나라치킨공주-강남논현점;피자나라치킨공주;서울;강남구;논현동;180-8; 050352904825
피자나라치킨공주-강남논현점;피자나라치킨공주;서울;강남구;논현동;180-8; 050352904825
피자나라치킨공주-강남논현점;피자나라치킨공주;서울;강남구;논현동;180-8; 050352904825
피자나라치킨공주-강남논현점;피자나라치킨공주;서울;강남구;논현동;180-8; 050352904825
피자나라치킨공주-강남논현점;피자나라치킨공주;서울;강남구;논현동;180-8; 050352904825
피자나라치킨공주-강남논현점;피자나라치킨공주;서울;강남구;논현동;180-8; 050352904825
피자나라치킨공주-강남논현점;피자나라치킨공주;서울;강남구;논현동;180-8; 050352904825
피자나라치킨공주-강남논현점;피자나라치킨공주;서울;강남구;논현동;180-8; 050352904825
피자나라치킨공주-강남논현점;피자나라치킨공주;서울;강남구;논현동;180-8; 050352904825
피자나라치킨공주-강남논현점;피자나라치킨공주;서울;강남구;논현동;180-8; 050352904825
피자나라치킨공주-강남논현점;피자나라치킨공주;서울;강남구;논현동;180-8; 050352904825
피자나라치킨공주-강남논현점;피자나라치킨공주;서울;강남구;논현동;180-8; 050352904825
피자나라치킨공주-강남논현점;피자나라치킨공주;서울;강남구;논현동;180-8; 050352904825
피자나라치킨공주-강남논현점;피자나라치킨공주;서울;강남구;논현동;180-8; 050352904825
피자나라치킨공주-강남논현점;피자나라치킨공주;서울;강남구;논현동;180-8; 050352904825
피자나라치킨공주-강남논현점;피자나라치킨공주;서울;강남구;논현동;180-8; 050352904825
피자나라치킨공주-강남논현점;피자나라치킨공주;서울;강남구;논현동;180-8; 050352904825
피자나라치킨공주-강남논현점;피자나라치킨공주;서울;강남구;논현동;180-8; 050352904825
피자나라치킨공주-강남논현점;피자나라치킨공주;서울;강남구;논현동;180-8; 050352904825
피자나라치킨공주-강남논현점;피자나라치킨공주;서울;강남구;논현동;180-8; 050352904825
피자나라치킨공주-강남논현점;피자나라치킨공주;서울;강남구;논현동;180-8; 050352904825
피자나라치킨공주-강남논현점;피자나라치킨공주;서울;강남구;논현동;180-8; 050352904825
피자나라치킨공주-강남논현점;피자나라치킨공주;서울;강남구;논현동;180-8; 050352904825
피자나라치킨공주-강남논현점;피자나라치킨공주;서울;강남구;논현동;180-8; 050352904825
피자나라치킨공주-강남논현점;피자나라치킨공주;서울;강남구;논현동;180-8; 050352904825
띠포차;;서울;강남구;신사동;525-24 지상1층;
오토김밥-역삼직영점;;서울;강남구;역삼동;720-25 디오빌역삼 지상1층 108호;
오토김밥-역삼직영점;;서울;강남구;역삼동;720-25 디오빌역삼 지상1층 108호;
오토김밥-역삼직영점;;서울;강남구;역삼동;720-25 디오빌역삼 지상1층 108호;
BBQ-논현스타점;BBQ;서울;강남구;논현동;122-25 새호시티라이프빌딩 지상1층 101호; 050702786209
BBQ-논현스타점;BBQ;서울;강남구;논현동;122-25 새호시티라이프빌딩 지상1층 101호; 050702786209
BBQ-논현스타점;BBQ;서울;강남구;논현동;122-25 새호시티라이프빌딩 지상1층 101호; 050702786209
BBQ-논현스타점;BBQ;서울;강남구;논현동;122-25 새호시티라이프빌딩 지상1층 101호; 050702786209
BBQ-논현스타점;BBQ;서울;강남구;논현동;122-25 새호시티라이프빌딩 지상1층 101호; 050702786209
BBQ-논현스타점;BBQ;서울;강남구;논현동;122-25 새호시티라이프빌딩 지상1층 101호; 050702786209
피자나라치킨공주-강남역삼점;피자나라치킨공주;서울;강남구;역삼동;750 지상1층; 050712921963
피자나라치킨공주-강남역삼점;피자나라치킨공주;서울;강남구;역삼동;750 지상1층; 050712921963
피자나라치킨공주-강남역삼점;피자나라치킨공주;서울;강남구;역삼동;750 지상1층; 050712921963
피자나라치킨공주-강남역삼점;피자나라치킨공주;서울;강남구;역삼동;750 지상1층; 050712921963
노랑통닭-강남자곡점;노랑통닭;서울;강남구;자곡동;651 강남유탑유블레스 111-1호; 050718660937
BBQ-강남세곡점;BBQ;서울;강남구;세곡동;581 지상1층 101호; 050352908221
BBQ-강남세곡점;BBQ;서울;강남구;세곡동;581 지상1층 101호; 050352908221
BBQ-강남세곡점;BBQ;서울;강남구;세곡동;581 지상1층 101호; 050352908221
BBQ-강남세곡점;BBQ;서울;강남구;세곡동;581 지상1층 101호; 050352908221
BBQ-강남세곡점;BBQ;서울;강남구;세곡동;581 지상1층 101호; 050352908221
BBQ-강남세곡점;BBQ;서울;강남구;세곡동;581 지상1층 101호; 050352908221
BBQ-강남세곡점;BBQ;서울;강남구;세곡동;581 지상1층 101호; 050352908221
BBQ-강남세곡점;BBQ;서울;강남구;세곡동;581 지상1층 101호; 050352908221
BBQ-강남세곡점;BBQ;서울;강남구;세곡동;581 지상1층 101호; 050352908221
부어치킨-세곡점;부어치킨;서울;강남구;세곡동;590 라온 프라이빗시티 1층114호,115호; 050352939076
부어치킨-세곡점;부어치킨;서울;강남구;세곡동;590 라온 프라이빗시티 1층114호,115호; 050352939076
부어치킨-세곡점;부어치킨;서울;강남구;세곡동;590 라온 프라이빗시티 1층114호,115호; 050352939076
부어치킨-세곡점;부어치킨;서울;강남구;세곡동;590 라온 프라이빗시티 1층114호,115호; 050352939076
부어치킨-세곡점;부어치킨;서울;강남구;세곡동;590 라온 프라이빗시티 1층114호,115호; 050352939076
부어치킨-세곡점;부어치킨;서울;강남구;세곡동;590 라온 프라이빗시티 1층114호,115호; 050352939076
부어치킨-세곡점;부어치킨;서울;강남구;세곡동;590 라온 프라이빗시티 1층114호,115호; 050352939076
부어치킨-세곡점;부어치킨;서울;강남구;세곡동;590 라온 프라이빗시티 1층114호,115호; 050352939076
부어치킨-세곡점;부어치킨;서울;강남구;세곡동;590 라온 프라이빗시티 1층114호,115호; 050352939076
부어치킨-세곡점;부어치킨;서울;강남구;세곡동;590 라온 프라이빗시티 1층114호,115호; 050352939076
깐부치킨-세곡점;깐부치킨;서울;강남구;세곡동;590 라온 프라이빗시티 지상1층 108호; 050712981911
깐부치킨-세곡점;깐부치킨;서울;강남구;세곡동;590 라온 프라이빗시티 지상1층 108호; 050712981911
모던통닭-일원점;모던통닭;서울;강남구;일원동;666-8 102호; 050352851961
돈치킨-자곡점;돈치킨;서울;강남구;자곡동;621 엘에이치강남3단지 상가동 1층 102호; 050712973560
돈치킨-자곡점;돈치킨;서울;강남구;자곡동;621 엘에이치강남3단지 상가동 1층 102호; 050712973560
돈치킨-자곡점;돈치킨;서울;강남구;자곡동;621 엘에이치강남3단지 상가동 1층 102호; 050712973560
리꼬리꼬;;서울;강남구;대치동;902 대치포스코더샵아파트 지층12호;
더블폭탄피자-강남점;;서울;강남구;논현동;114-19 1층; 050718659207
더블폭탄피자-강남점;;서울;강남구;논현동;114-19 1층; 050718659207
더블폭탄피자-강남점;;서울;강남구;논현동;114-19 1층; 050718659207
더블폭탄피자-강남점;;서울;강남구;논현동;114-19 1층; 050718659207
더블폭탄피자-강남점;;서울;강남구;논현동;114-19 1층; 050718659207
더블폭탄피자-강남점;;서울;강남구;논현동;114-19 1층; 050718659207
더블폭탄피자-강남점;;서울;강남구;논현동;114-19 1층; 050718659207
더블폭탄피자-강남점;;서울;강남구;논현동;114-19 1층; 050718659207
더블폭탄피자-강남점;;서울;강남구;논현동;114-19 1층; 050718659207
더블폭탄피자-강남점;;서울;강남구;논현동;114-19 1층; 050718659207
더블폭탄피자-강남점;;서울;강남구;논현동;114-19 1층; 050718659207
더블폭탄피자-강남점;;서울;강남구;논현동;114-19 1층; 050718659207
더블폭탄피자-강남점;;서울;강남구;논현동;114-19 1층; 050718659207
더블폭탄피자-강남점;;서울;강남구;논현동;114-19 1층; 050718659207
더블폭탄피자-강남점;;서울;강남구;논현동;114-19 1층; 050718659207
더블폭탄피자-강남점;;서울;강남구;논현동;114-19 1층; 050718659207
더블폭탄피자-강남점;;서울;강남구;논현동;114-19 1층; 050718659207
더블폭탄피자-강남점;;서울;강남구;논현동;114-19 1층; 050718659207
더블폭탄피자-강남점;;서울;강남구;논현동;114-19 1층; 050718659207
더블폭탄피자-강남점;;서울;강남구;논현동;114-19 1층; 050718659207
64겹페스츄리피자;;서울;강남구;논현동;114-19 1층; 050718659209
64겹페스츄리피자;;서울;강남구;논현동;114-19 1층; 050718659209
64겹페스츄리피자;;서울;강남구;논현동;114-19 1층; 050718659209
64겹페스츄리피자;;서울;강남구;논현동;114-19 1층; 050718659209
64겹페스츄리피자;;서울;강남구;논현동;114-19 1층; 050718659209
64겹페스츄리피자;;서울;강남구;논현동;114-19 1층; 050718659209
64겹페스츄리피자;;서울;강남구;논현동;114-19 1층; 050718659209
64겹페스츄리피자;;서울;강남구;논현동;114-19 1층; 050718659209
64겹페스츄리피자;;서울;강남구;논현동;114-19 1층; 050718659209
64겹페스츄리피자;;서울;강남구;논현동;114-19 1층; 050718659209
64겹페스츄리피자;;서울;강남구;논현동;114-19 1층; 050718659209
64겹페스츄리피자;;서울;강남구;논현동;114-19 1층; 050718659209
64겹페스츄리피자;;서울;강남구;논현동;114-19 1층; 050718659209
64겹페스츄리피자;;서울;강남구;논현동;114-19 1층; 050718659209
64겹페스츄리피자;;서울;강남구;논현동;114-19 1층; 050718659209
64겹페스츄리피자;;서울;강남구;논현동;114-19 1층; 050718659209
64겹페스츄리피자;;서울;강남구;논현동;114-19 1층; 050718659209
64겹페스츄리피자;;서울;강남구;논현동;114-19 1층; 050718659209
64겹페스츄리피자;;서울;강남구;논현동;114-19 1층; 050718659209
64겹페스츄리피자;;서울;강남구;논현동;114-19 1층; 050718659209
64겹페스츄리피자;;서울;강남구;논현동;114-19 1층; 050718659209
날씬한씬피자&훈제치킨;;서울;강남구;논현동;114-19 1층; 050718659215
날씬한씬피자&훈제치킨;;서울;강남구;논현동;114-19 1층; 050718659215
날씬한씬피자&훈제치킨;;서울;강남구;논현동;114-19 1층; 050718659215
날씬한씬피자&훈제치킨;;서울;강남구;논현동;114-19 1층; 050718659215
날씬한씬피자&훈제치킨;;서울;강남구;논현동;114-19 1층; 050718659215
날씬한씬피자&훈제치킨;;서울;강남구;논현동;114-19 1층; 050718659215
날씬한씬피자&훈제치킨;;서울;강남구;논현동;114-19 1층; 050718659215
날씬한씬피자&훈제치킨;;서울;강남구;논현동;114-19 1층; 050718659215
날씬한씬피자&훈제치킨;;서울;강남구;논현동;114-19 1층; 050718659215
날씬한씬피자&훈제치킨;;서울;강남구;논현동;114-19 1층; 050718659215
날씬한씬피자&훈제치킨;;서울;강남구;논현동;114-19 1층; 050718659215
날씬한씬피자&훈제치킨;;서울;강남구;논현동;114-19 1층; 050718659215
날씬한씬피자&훈제치킨;;서울;강남구;논현동;114-19 1층; 050718659215
날씬한씬피자&훈제치킨;;서울;강남구;논현동;114-19 1층; 050718659215
날씬한씬피자&훈제치킨;;서울;강남구;논현동;114-19 1층; 050718659215
날씬한씬피자&훈제치킨;;서울;강남구;논현동;114-19 1층; 050718659215
날씬한씬피자&훈제치킨;;서울;강남구;논현동;114-19 1층; 050718659215
날씬한씬피자&훈제치킨;;서울;강남구;논현동;114-19 1층; 050718659215
날씬한씬피자&훈제치킨;;서울;강남구;논현동;114-19 1층; 050718659215
날씬한씬피자&훈제치킨;;서울;강남구;논현동;114-19 1층; 050718659215
날씬한씬피자&훈제치킨;;서울;강남구;논현동;114-19 1층; 050718659215
하나더피자&훈제치킨;;서울;강남구;논현동;114-19 1층; 050718659213
하나더피자&훈제치킨;;서울;강남구;논현동;114-19 1층; 050718659213
하나더피자&훈제치킨;;서울;강남구;논현동;114-19 1층; 050718659213
하나더피자&훈제치킨;;서울;강남구;논현동;114-19 1층; 050718659213
하나더피자&훈제치킨;;서울;강남구;논현동;114-19 1층; 050718659213
하나더피자&훈제치킨;;서울;강남구;논현동;114-19 1층; 050718659213
하나더피자&훈제치킨;;서울;강남구;논현동;114-19 1층; 050718659213
하나더피자&훈제치킨;;서울;강남구;논현동;114-19 1층; 050718659213
하나더피자&훈제치킨;;서울;강남구;논현동;114-19 1층; 050718659213
하나더피자&훈제치킨;;서울;강남구;논현동;114-19 1층; 050718659213
하나더피자&훈제치킨;;서울;강남구;논현동;114-19 1층; 050718659213
하나더피자&훈제치킨;;서울;강남구;논현동;114-19 1층; 050718659213
하나더피자&훈제치킨;;서울;강남구;논현동;114-19 1층; 050718659213
하나더피자&훈제치킨;;서울;강남구;논현동;114-19 1층; 050718659213
하나더피자&훈제치킨;;서울;강남구;논현동;114-19 1층; 050718659213
하나더피자&훈제치킨;;서울;강남구;논현동;114-19 1층; 050718659213
하나더피자&훈제치킨;;서울;강남구;논현동;114-19 1층; 050718659213
하나더피자&훈제치킨;;서울;강남구;논현동;114-19 1층; 050718659213
하나더피자&훈제치킨;;서울;강남구;논현동;114-19 1층; 050718659213
하나더피자&훈제치킨;;서울;강남구;논현동;114-19 1층; 050718659213
하나더피자&훈제치킨;;서울;강남구;논현동;114-19 1층; 050718659213
앙마꼬치&뽀끼;;서울;강남구;삼성동;49-11 세창빌딩 지상1층;
리츠델리피자;;서울;강남구;역삼동;656-19 지엔에스 1층; 050352549886
리츠델리피자;;서울;강남구;역삼동;656-19 지엔에스 1층; 050352549886
리츠델리피자;;서울;강남구;역삼동;656-19 지엔에스 1층; 050352549886
리츠델리피자;;서울;강남구;역삼동;656-19 지엔에스 1층; 050352549886
리츠델리피자;;서울;강남구;역삼동;656-19 지엔에스 1층; 050352549886
리츠델리피자;;서울;강남구;역삼동;656-19 지엔에스 1층; 050352549886
리츠델리피자;;서울;강남구;역삼동;656-19 지엔에스 1층; 050352549886
리츠델리피자;;서울;강남구;역삼동;656-19 지엔에스 1층; 050352549886
리츠델리피자;;서울;강남구;역삼동;656-19 지엔에스 1층; 050352549886
리츠델리피자;;서울;강남구;역삼동;656-19 지엔에스 1층; 050352549886
리츠델리피자;;서울;강남구;역삼동;656-19 지엔에스 1층; 050352549886
리츠델리피자;;서울;강남구;역삼동;656-19 지엔에스 1층; 050352549886
리츠델리피자;;서울;강남구;역삼동;656-19 지엔에스 1층; 050352549886
리츠델리피자;;서울;강남구;역삼동;656-19 지엔에스 1층; 050352549886
리츠델리피자;;서울;강남구;역삼동;656-19 지엔에스 1층; 050352549886
리츠델리피자;;서울;강남구;역삼동;656-19 지엔에스 1층; 050352549886
리츠델리피자;;서울;강남구;역삼동;656-19 지엔에스 1층; 050352549886
리츠델리피자;;서울;강남구;역삼동;656-19 지엔에스 1층; 050352549886
리츠델리피자;;서울;강남구;역삼동;656-19 지엔에스 1층; 050352549886
리츠델리피자;;서울;강남구;역삼동;656-19 지엔에스 1층; 050352549886
리츠델리피자;;서울;강남구;역삼동;656-19 지엔에스 1층; 050352549886
리츠델리피자;;서울;강남구;역삼동;656-19 지엔에스 1층; 050352549886
리츠델리피자;;서울;강남구;역삼동;656-19 지엔에스 1층; 050352549886
리츠델리피자;;서울;강남구;역삼동;656-19 지엔에스 1층; 050352549886
리츠델리피자;;서울;강남구;역삼동;656-19 지엔에스 1층; 050352549886
리츠델리피자;;서울;강남구;역삼동;656-19 지엔에스 1층; 050352549886
리츠델리피자;;서울;강남구;역삼동;656-19 지엔에스 1층; 050352549886
리츠델리피자;;서울;강남구;역삼동;656-19 지엔에스 1층; 050352549886
리츠델리피자;;서울;강남구;역삼동;656-19 지엔에스 1층; 050352549886
리츠델리피자;;서울;강남구;역삼동;656-19 지엔에스 1층; 050352549886
리츠델리피자;;서울;강남구;역삼동;656-19 지엔에스 1층; 050352549886
델리치킨;;서울;강남구;역삼동;656-19 지엔에스 1층; 050352559592
델리치킨;;서울;강남구;역삼동;656-19 지엔에스 1층; 050352559592
델리치킨;;서울;강남구;역삼동;656-19 지엔에스 1층; 050352559592
델리치킨;;서울;강남구;역삼동;656-19 지엔에스 1층; 050352559592
델리치킨;;서울;강남구;역삼동;656-19 지엔에스 1층; 050352559592
델리치킨;;서울;강남구;역삼동;656-19 지엔에스 1층; 050352559592
델리치킨;;서울;강남구;역삼동;656-19 지엔에스 1층; 050352559592
델리치킨;;서울;강남구;역삼동;656-19 지엔에스 1층; 050352559592
델리치킨;;서울;강남구;역삼동;656-19 지엔에스 1층; 050352559592
델리치킨;;서울;강남구;역삼동;656-19 지엔에스 1층; 050352559592
델리치킨;;서울;강남구;역삼동;656-19 지엔에스 1층; 050352559592
델리치킨;;서울;강남구;역삼동;656-19 지엔에스 1층; 050352559592
델리치킨;;서울;강남구;역삼동;656-19 지엔에스 1층; 050352559592
델리치킨;;서울;강남구;역삼동;656-19 지엔에스 1층; 050352559592
델리치킨;;서울;강남구;역삼동;656-19 지엔에스 1층; 050352559592
델리치킨;;서울;강남구;역삼동;656-19 지엔에스 1층; 050352559592
델리치킨;;서울;강남구;역삼동;656-19 지엔에스 1층; 050352559592
델리치킨;;서울;강남구;역삼동;656-19 지엔에스 1층; 050352559592
델리치킨;;서울;강남구;역삼동;656-19 지엔에스 1층; 050352559592
델리파닭;;서울;강남구;역삼동;656-19 지엔에스 1층; 050352549995
델리파닭;;서울;강남구;역삼동;656-19 지엔에스 1층; 050352549995
더피자-강남본점;;서울;강남구;역삼동;660-25 지하1층 101호; 050718660658
더피자-강남본점;;서울;강남구;역삼동;660-25 지하1층 101호; 050718660658
더피자-강남본점;;서울;강남구;역삼동;660-25 지하1층 101호; 050718660658
더피자-강남본점;;서울;강남구;역삼동;660-25 지하1층 101호; 050718660658
더피자-강남본점;;서울;강남구;역삼동;660-25 지하1층 101호; 050718660658
더피자-강남본점;;서울;강남구;역삼동;660-25 지하1층 101호; 050718660658
삼풍치킨-역삼점;;서울;강남구;역삼동;720-25 대우디오빌상가 109호; 050352562129
치킨&돈까스대치2분점;;서울;강남구;대치동;912-24 대일빌딩 101호;
치킨&돈까스대치2분점;;서울;강남구;대치동;912-24 대일빌딩 101호;
치킨&돈까스대치2분점;;서울;강남구;대치동;912-24 대일빌딩 101호;
티바두마리치킨-대치점;티바두마리치킨;서울;강남구;대치동;939-28 윤성빌딩 106호; 050352962678
티바두마리치킨-대치점;티바두마리치킨;서울;강남구;대치동;939-28 윤성빌딩 106호; 050352962678
티바두마리치킨-대치점;티바두마리치킨;서울;강남구;대치동;939-28 윤성빌딩 106호; 050352962678
티바두마리치킨-대치점;티바두마리치킨;서울;강남구;대치동;939-28 윤성빌딩 106호; 050352962678
티바두마리치킨-대치점;티바두마리치킨;서울;강남구;대치동;939-28 윤성빌딩 106호; 050352962678
티바두마리치킨-대치점;티바두마리치킨;서울;강남구;대치동;939-28 윤성빌딩 106호; 050352962678
티바두마리치킨-대치점;티바두마리치킨;서울;강남구;대치동;939-28 윤성빌딩 106호; 050352962678
티바두마리치킨-대치점;티바두마리치킨;서울;강남구;대치동;939-28 윤성빌딩 106호; 050352962678
티바두마리치킨-대치점;티바두마리치킨;서울;강남구;대치동;939-28 윤성빌딩 106호; 050352962678
티바두마리치킨-대치점;티바두마리치킨;서울;강남구;대치동;939-28 윤성빌딩 106호; 050352962678
티바두마리치킨-대치점;티바두마리치킨;서울;강남구;대치동;939-28 윤성빌딩 106호; 050352962678
티바두마리치킨-대치점;티바두마리치킨;서울;강남구;대치동;939-28 윤성빌딩 106호; 050352962678
티바두마리치킨-대치점;티바두마리치킨;서울;강남구;대치동;939-28 윤성빌딩 106호; 050352962678
티바두마리치킨-대치점;티바두마리치킨;서울;강남구;대치동;939-28 윤성빌딩 106호; 050352962678
티바두마리치킨-대치점;티바두마리치킨;서울;강남구;대치동;939-28 윤성빌딩 106호; 050352962678
티바두마리치킨-대치점;티바두마리치킨;서울;강남구;대치동;939-28 윤성빌딩 106호; 050352962678
티바두마리치킨-대치점;티바두마리치킨;서울;강남구;대치동;939-28 윤성빌딩 106호; 050352962678
티바두마리치킨-대치점;티바두마리치킨;서울;강남구;대치동;939-28 윤성빌딩 106호; 050352962678
티바두마리치킨-대치점;티바두마리치킨;서울;강남구;대치동;939-28 윤성빌딩 106호; 050352962678
티바두마리치킨-대치점;티바두마리치킨;서울;강남구;대치동;939-28 윤성빌딩 106호; 050352962678
티바두마리치킨-대치점;티바두마리치킨;서울;강남구;대치동;939-28 윤성빌딩 106호; 050352962678
티바두마리치킨-대치점;티바두마리치킨;서울;강남구;대치동;939-28 윤성빌딩 106호; 050352962678
티바두마리치킨-대치점;티바두마리치킨;서울;강남구;대치동;939-28 윤성빌딩 106호; 050352962678
티바두마리치킨-대치점;티바두마리치킨;서울;강남구;대치동;939-28 윤성빌딩 106호; 050352962678
티바두마리치킨-대치점;티바두마리치킨;서울;강남구;대치동;939-28 윤성빌딩 106호; 050352962678
티바두마리치킨-대치점;티바두마리치킨;서울;강남구;대치동;939-28 윤성빌딩 106호; 050352962678
티바두마리치킨-대치점;티바두마리치킨;서울;강남구;대치동;939-28 윤성빌딩 106호; 050352962678
티바두마리치킨-대치점;티바두마리치킨;서울;강남구;대치동;939-28 윤성빌딩 106호; 050352962678
티바두마리치킨-대치점;티바두마리치킨;서울;강남구;대치동;939-28 윤성빌딩 106호; 050352962678
티바두마리치킨-대치점;티바두마리치킨;서울;강남구;대치동;939-28 윤성빌딩 106호; 050352962678
티바두마리치킨-대치점;티바두마리치킨;서울;강남구;대치동;939-28 윤성빌딩 106호; 050352962678
티바두마리치킨-대치점;티바두마리치킨;서울;강남구;대치동;939-28 윤성빌딩 106호; 050352962678
티바두마리치킨-대치점;티바두마리치킨;서울;강남구;대치동;939-28 윤성빌딩 106호; 050352962678
티바두마리치킨-대치점;티바두마리치킨;서울;강남구;대치동;939-28 윤성빌딩 106호; 050352962678
티바두마리치킨-대치점;티바두마리치킨;서울;강남구;대치동;939-28 윤성빌딩 106호; 050352962678
티바두마리치킨-대치점;티바두마리치킨;서울;강남구;대치동;939-28 윤성빌딩 106호; 050352962678
티바두마리치킨-대치점;티바두마리치킨;서울;강남구;대치동;939-28 윤성빌딩 106호; 050352962678
티바두마리치킨-대치점;티바두마리치킨;서울;강남구;대치동;939-28 윤성빌딩 106호; 050352962678
티바두마리치킨-대치점;티바두마리치킨;서울;강남구;대치동;939-28 윤성빌딩 106호; 050352962678
티바두마리치킨-대치점;티바두마리치킨;서울;강남구;대치동;939-28 윤성빌딩 106호; 050352962678
티바두마리치킨-대치점;티바두마리치킨;서울;강남구;대치동;939-28 윤성빌딩 106호; 050352962678
네네치킨-대치점;네네치킨;서울;강남구;대치동;902 대치포스코더샵아파트 상가동 지하1층 10호,11호; 050712962228
네네치킨-대치점;네네치킨;서울;강남구;대치동;902 대치포스코더샵아파트 상가동 지하1층 10호,11호; 050712962228
호식이두마리치킨-역삼1호점;호식이두마리치킨;서울;강남구;역삼동;638-17 지상1층 103호; 050352994950
놀부옛날통닭-선릉점;놀부옛날통닭;서울;강남구;대치동;896-28 지하1층; 050352918952
놀부옛날통닭-선릉점;놀부옛날통닭;서울;강남구;대치동;896-28 지하1층; 050352918952
놀부옛날통닭-선릉점;놀부옛날통닭;서울;강남구;대치동;896-28 지하1층; 050352918952
멕시카나-선릉역점;멕시카나;서울;강남구;대치동;890-54 1층 103호; 050352590566
멕시카나-선릉역점;멕시카나;서울;강남구;대치동;890-54 1층 103호; 050352590566
멕시카나-선릉역점;멕시카나;서울;강남구;대치동;890-54 1층 103호; 050352590566
멕시카나-선릉역점;멕시카나;서울;강남구;대치동;890-54 1층 103호; 050352590566
멕시카나-선릉역점;멕시카나;서울;강남구;대치동;890-54 1층 103호; 050352590566
멕시카나-선릉역점;멕시카나;서울;강남구;대치동;890-54 1층 103호; 050352590566
멕시카나-선릉역점;멕시카나;서울;강남구;대치동;890-54 1층 103호; 050352590566
멕시카나-선릉역점;멕시카나;서울;강남구;대치동;890-54 1층 103호; 050352590566
멕시카나-선릉역점;멕시카나;서울;강남구;대치동;890-54 1층 103호; 050352590566
멕시카나-선릉역점;멕시카나;서울;강남구;대치동;890-54 1층 103호; 050352590566
멕시카나-선릉역점;멕시카나;서울;강남구;대치동;890-54 1층 103호; 050352590566
멕시카나-선릉역점;멕시카나;서울;강남구;대치동;890-54 1층 103호; 050352590566
멕시카나-선릉역점;멕시카나;서울;강남구;대치동;890-54 1층 103호; 050352590566
멕시카나-선릉역점;멕시카나;서울;강남구;대치동;890-54 1층 103호; 050352590566
멕시카나-선릉역점;멕시카나;서울;강남구;대치동;890-54 1층 103호; 050352590566
멕시카나-선릉역점;멕시카나;서울;강남구;대치동;890-54 1층 103호; 050352590566
멕시카나-선릉역점;멕시카나;서울;강남구;대치동;890-54 1층 103호; 050352590566
멕시카나-선릉역점;멕시카나;서울;강남구;대치동;890-54 1층 103호; 050352590566
멕시카나-선릉역점;멕시카나;서울;강남구;대치동;890-54 1층 103호; 050352590566
멕시카나-선릉역점;멕시카나;서울;강남구;대치동;890-54 1층 103호; 050352590566
맘스터치-강남대성학원점;맘스터치;서울;강남구;역삼동;827-69 1층 101호; 050352851762
맘스터치-강남대성학원점;맘스터치;서울;강남구;역삼동;827-69 1층 101호; 050352851762
본스치킨-강남구청역점;본스치킨;서울;강남구;논현동;241-16 1층; 050352859478
본스치킨-강남구청역점;본스치킨;서울;강남구;논현동;241-16 1층; 050352859478
본스치킨-강남구청역점;본스치킨;서울;강남구;논현동;241-16 1층; 050352859478
본스치킨-강남구청역점;본스치킨;서울;강남구;논현동;241-16 1층; 050352859478
본스치킨-강남구청역점;본스치킨;서울;강남구;논현동;241-16 1층; 050352859478
본스치킨-강남구청역점;본스치킨;서울;강남구;논현동;241-16 1층; 050352859478
롯데리아-선릉점;롯데리아;서울;강남구;역삼동;707-5; 050352594281
롯데리아-선릉점;롯데리아;서울;강남구;역삼동;707-5; 050352594281
롯데리아-선릉점;롯데리아;서울;강남구;역삼동;707-5; 050352594281
가마치통닭-역삼점;가마치통닭;서울;강남구;역삼동;799-21 창림빌딩 1층 104호; 050352932617
가마치통닭-역삼점;가마치통닭;서울;강남구;역삼동;799-21 창림빌딩 1층 104호; 050352932617
BBQ-역삼스타점;BBQ;서울;강남구;역삼동;746-23 남형빌딩 1층; 050352588476
BBQ-역삼스타점;BBQ;서울;강남구;역삼동;746-23 남형빌딩 1층; 050352588476
BBQ-역삼스타점;BBQ;서울;강남구;역삼동;746-23 남형빌딩 1층; 050352588476
BBQ-역삼스타점;BBQ;서울;강남구;역삼동;746-23 남형빌딩 1층; 050352588476
BBQ-역삼스타점;BBQ;서울;강남구;역삼동;746-23 남형빌딩 1층; 050352588476
BBQ-역삼스타점;BBQ;서울;강남구;역삼동;746-23 남형빌딩 1층; 050352588476
KFC-역삼역점;KFC;서울;강남구;역삼동;642-10 송암II빌딩 1,2층; 050712921901
KFC-역삼역점;KFC;서울;강남구;역삼동;642-10 송암II빌딩 1,2층; 050712921901
KFC-역삼역점;KFC;서울;강남구;역삼동;642-10 송암II빌딩 1,2층; 050712921901
KFC-역삼역점;KFC;서울;강남구;역삼동;642-10 송암II빌딩 1,2층; 050712921901
KFC-역삼역점;KFC;서울;강남구;역삼동;642-10 송암II빌딩 1,2층; 050712921901
KFC-역삼역점;KFC;서울;강남구;역삼동;642-10 송암II빌딩 1,2층; 050712921901
또래오래-강남대치점;또래오래;서울;강남구;대치동;962-12 1층; 050352588941
또래오래-강남대치점;또래오래;서울;강남구;대치동;962-12 1층; 050352588941
가마로강정-한티점;가마로강정;서울;강남구;대치동;908 1층 6호; 050352849926
가마로강정-한티점;가마로강정;서울;강남구;대치동;908 1층 6호; 050352849926
굽네치킨&피자-삼성2동점;굽네치킨;서울;강남구;삼성동;121-38 삼성동신도브래뉴; 050352576191
굽네치킨&피자-삼성2동점;굽네치킨;서울;강남구;삼성동;121-38 삼성동신도브래뉴; 050352576191
굽네치킨&피자-삼성2동점;굽네치킨;서울;강남구;삼성동;121-38 삼성동신도브래뉴; 050352576191
굽네치킨&피자-삼성2동점;굽네치킨;서울;강남구;삼성동;121-38 삼성동신도브래뉴; 050352576191
BHC-한티역점;BHC;서울;강남구;대치동;922-17 1층; 050712947665
BHC-한티역점;BHC;서울;강남구;대치동;922-17 1층; 050712947665
BHC-한티역점;BHC;서울;강남구;대치동;922-17 1층; 050712947665
훌랄라치킨-역삼1점;훌랄라치킨;서울;강남구;역삼동;723 혜성빌딩 1층; 050352983923
훌랄라치킨-역삼1점;훌랄라치킨;서울;강남구;역삼동;723 혜성빌딩 1층; 050352983923
굽네치킨&피자-대치2동점;굽네치킨;서울;강남구;대치동;990-3 101호; 050712933520
굽네치킨&피자-대치2동점;굽네치킨;서울;강남구;대치동;990-3 101호; 050712933520
굽네치킨&피자-대치2동점;굽네치킨;서울;강남구;대치동;990-3 101호; 050712933520
옛날통닭-한티역점;옛날통닭;서울;강남구;대치동;922-28 성진빌딩 1층 102호;
둘둘치킨-선릉공원점;둘둘치킨;서울;강남구;삼성동;142-22 dmp 지상1층;
맘스터치-논현아이파크점;맘스터치;서울;강남구;논현동;225-6 논현 아이파크 103동 1층 117호; 050352984071
맘스터치-논현아이파크점;맘스터치;서울;강남구;논현동;225-6 논현 아이파크 103동 1층 117호; 050352984071
맘스터치-강남역점;맘스터치;서울;강남구;역삼동;619-15 2층; 050712979757
바른치킨-강남선릉점;바른치킨;서울;강남구;대치동;889-72 선릉 MT 빌딩 101호;
깐부치킨-한티점;깐부치킨;서울;강남구;대치동;908-20 대치 EM 프라자 1층 101호; 050352932028
깐부치킨-한티점;깐부치킨;서울;강남구;대치동;908-20 대치 EM 프라자 1층 101호; 050352932028
치킨뱅이-삼성3호점;치킨뱅이;서울;강남구;대치동;1000-1 1층;
Go수닭;;서울;강남구;삼성동;147-8 지하1층;
Go수닭;;서울;강남구;삼성동;147-8 지하1층;
Go수닭;;서울;강남구;삼성동;147-8 지하1층;
네네치킨-도곡점;네네치킨;서울;강남구;도곡동;543-7 도곡1차 I PARK 상가동 지하1층 107호; 050352960931
네네치킨-도곡점;네네치킨;서울;강남구;도곡동;543-7 도곡1차 I PARK 상가동 지하1층 107호; 050352960931
푸라닭-대치점;푸라닭;서울;강남구;대치동;905-28 1층 103호; 050352883087
푸라닭-대치점;푸라닭;서울;강남구;대치동;905-28 1층 103호; 050352883087
푸라닭-대치점;푸라닭;서울;강남구;대치동;905-28 1층 103호; 050352883087
치킨혁명-언주점;치킨혁명;서울;강남구;논현동;176-24 지하1층; 050352846410
치킨혁명-언주점;치킨혁명;서울;강남구;논현동;176-24 지하1층; 050352846410
치킨혁명-언주점;치킨혁명;서울;강남구;논현동;176-24 지하1층; 050352846410
치킨혁명-언주점;치킨혁명;서울;강남구;논현동;176-24 지하1층; 050352846410
치킨혁명-언주점;치킨혁명;서울;강남구;논현동;176-24 지하1층; 050352846410
치킨혁명-언주점;치킨혁명;서울;강남구;논현동;176-24 지하1층; 050352846410
치킨혁명-언주점;치킨혁명;서울;강남구;논현동;176-24 지하1층; 050352846410
치킨혁명-언주점;치킨혁명;서울;강남구;논현동;176-24 지하1층; 050352846410
치킨혁명-언주점;치킨혁명;서울;강남구;논현동;176-24 지하1층; 050352846410
치킨혁명-언주점;치킨혁명;서울;강남구;논현동;176-24 지하1층; 050352846410
치킨혁명-언주점;치킨혁명;서울;강남구;논현동;176-24 지하1층; 050352846410
치킨혁명-언주점;치킨혁명;서울;강남구;논현동;176-24 지하1층; 050352846410
치킨혁명-언주점;치킨혁명;서울;강남구;논현동;176-24 지하1층; 050352846410
치킨혁명-언주점;치킨혁명;서울;강남구;논현동;176-24 지하1층; 050352846410
치교치킨-선릉점;치교치킨;서울;강남구;삼성동;143-33 지하1층; 050352919904
치킨플러스-대치점;치킨플러스;서울;강남구;대치동;916-4 목림 1층; 050352931621
치킨플러스-대치점;치킨플러스;서울;강남구;대치동;916-4 목림 1층; 050352931621
치킨플러스-대치점;치킨플러스;서울;강남구;대치동;916-4 목림 1층; 050352931621
치킨플러스-대치점;치킨플러스;서울;강남구;대치동;916-4 목림 1층; 050352931621
치킨플러스-대치점;치킨플러스;서울;강남구;대치동;916-4 목림 1층; 050352931621
치킨플러스-대치점;치킨플러스;서울;강남구;대치동;916-4 목림 1층; 050352931621
당신은지금치킨이땡긴다-역삼1호점;당신은지금치킨이땡긴다;서울;강남구;역삼동;799-18 지하1층 주방3호; 050353713260
당신은지금치킨이땡긴다-역삼1호점;당신은지금치킨이땡긴다;서울;강남구;역삼동;799-18 지하1층 주방3호; 050353713260
가마로강정-삼성동점;가마로강정;서울;강남구;삼성동;16 지상1층 107호; 050352598954
가마로강정-삼성동점;가마로강정;서울;강남구;삼성동;16 지상1층 107호; 050352598954
생활치킨-강남역점;생활치킨;서울;강남구;역삼동;831-27 1층; 050718652746
생활치킨-강남역점;생활치킨;서울;강남구;역삼동;831-27 1층; 050718652746
생활치킨-강남역점;생활치킨;서울;강남구;역삼동;831-27 1층; 050718652746
지코바치킨-삼성1호점;지코바;서울;강남구;삼성동;26-34 지상1층 101호; 050352919004
지코바치킨-삼성1호점;지코바;서울;강남구;삼성동;26-34 지상1층 101호; 050352919004
페리카나-경복점;페리카나;서울;강남구;논현동;277 1층; 050712956648
페리카나-경복점;페리카나;서울;강남구;논현동;277 1층; 050712956648
페리카나-경복점;페리카나;서울;강남구;논현동;277 1층; 050712956648
BHC-일원삼성점;BHC;서울;강남구;수서동;747 삼성아파트 상가 101-4호; 050352980227
BHC-일원삼성점;BHC;서울;강남구;수서동;747 삼성아파트 상가 101-4호; 050352980227
BHC-일원삼성점;BHC;서울;강남구;수서동;747 삼성아파트 상가 101-4호; 050352980227
BHC-일원삼성점;BHC;서울;강남구;수서동;747 삼성아파트 상가 101-4호; 050352980227
롯데리아-개포점;롯데리아;서울;강남구;개포동;158-12 지하1층; 050712904898
롯데리아-개포점;롯데리아;서울;강남구;개포동;158-12 지하1층; 050712904898
롯데리아-개포점;롯데리아;서울;강남구;개포동;158-12 지하1층; 050712904898
KFC-일원동점;KFC;서울;강남구;일원동;615-1 기호빌딩; 050712921977
KFC-일원동점;KFC;서울;강남구;일원동;615-1 기호빌딩; 050712921977
KFC-일원동점;KFC;서울;강남구;일원동;615-1 기호빌딩; 050712921977
KFC-일원동점;KFC;서울;강남구;일원동;615-1 기호빌딩; 050712921977
KFC-일원동점;KFC;서울;강남구;일원동;615-1 기호빌딩; 050712921977
KFC-일원동점;KFC;서울;강남구;일원동;615-1 기호빌딩; 050712921977
교촌치킨-개포1호점;교촌치킨;서울;강남구;개포동;1229-18 1229-18 1층; 050712911239
교촌치킨-개포1호점;교촌치킨;서울;강남구;개포동;1229-18 1229-18 1층; 050712911239
굽네치킨&피자-대치1.4동점;굽네치킨;서울;강남구;대치동;1019-12 1층 104호; 050352589155
굽네치킨&피자-대치1.4동점;굽네치킨;서울;강남구;대치동;1019-12 1층 104호; 050352589155
굽네치킨&피자-대치1.4동점;굽네치킨;서울;강남구;대치동;1019-12 1층 104호; 050352589155
굽네치킨&피자-대치1.4동점;굽네치킨;서울;강남구;대치동;1019-12 1층 104호; 050352589155
깐부치킨-개포점;깐부치킨;서울;강남구;개포동;186-16 현대빌딩 108, 109호; 050712976620
깐부치킨-개포점;깐부치킨;서울;강남구;개포동;186-16 현대빌딩 108, 109호; 050712976620
BBQ-개포동역점;BBQ;서울;강남구;개포동;186-17 개포종합상가 1층 108호; 050712913490
BBQ-개포동역점;BBQ;서울;강남구;개포동;186-17 개포종합상가 1층 108호; 050712913490
BBQ-개포동역점;BBQ;서울;강남구;개포동;186-17 개포종합상가 1층 108호; 050712913490
BBQ-개포동역점;BBQ;서울;강남구;개포동;186-17 개포종합상가 1층 108호; 050712913490
BBQ-개포동역점;BBQ;서울;강남구;개포동;186-17 개포종합상가 1층 108호; 050712913490
BBQ-개포동역점;BBQ;서울;강남구;개포동;186-17 개포종합상가 1층 108호; 050712913490
BBQ-개포동역점;BBQ;서울;강남구;개포동;186-17 개포종합상가 1층 108호; 050712913490
BBQ-개포동역점;BBQ;서울;강남구;개포동;186-17 개포종합상가 1층 108호; 050712913490
BBQ-개포동역점;BBQ;서울;강남구;개포동;186-17 개포종합상가 1층 108호; 050712913490
푸라닭-일원점;푸라닭;서울;강남구;일원동;645-6 1층; 050352977615
푸라닭-일원점;푸라닭;서울;강남구;일원동;645-6 1층; 050352977615
푸라닭-일원점;푸라닭;서울;강남구;일원동;645-6 1층; 050352977615
60계-서울개포점;60계치킨;서울;강남구;개포동;186-1 개포빌딩 내제1층 115호; 050718605840
60계-서울개포점;60계치킨;서울;강남구;개포동;186-1 개포빌딩 내제1층 115호; 050718605840
로켓크리스피치킨-압구정지점;;서울;강남구;신사동;662-4 1~2층; 050718607265
로켓크리스피치킨-압구정지점;;서울;강남구;신사동;662-4 1~2층; 050718607265
호식이두마리치킨-강남논현1호점;호식이두마리치킨;서울;강남구;논현동;254-24 향원빌딩 1층; 050718665195
호식이두마리치킨-강남논현1호점;호식이두마리치킨;서울;강남구;논현동;254-24 향원빌딩 1층; 050718665195
호식이두마리치킨-강남논현1호점;호식이두마리치킨;서울;강남구;논현동;254-24 향원빌딩 1층; 050718665195
맘스터치-강남압구정점;맘스터치;서울;강남구;신사동;579-6 지상 1층; 050718661751
KFC-강남구청역점;KFC;서울;강남구;삼성동;1 천마빌딩 103호; 050712922124
KFC-강남구청역점;KFC;서울;강남구;삼성동;1 천마빌딩 103호; 050712922124
KFC-강남구청역점;KFC;서울;강남구;삼성동;1 천마빌딩 103호; 050712922124
KFC-강남구청역점;KFC;서울;강남구;삼성동;1 천마빌딩 103호; 050712922124
KFC-강남구청역점;KFC;서울;강남구;삼성동;1 천마빌딩 103호; 050712922124
KFC-강남구청역점;KFC;서울;강남구;삼성동;1 천마빌딩 103호; 050712922124
BHC-강남구청역점;BHC;서울;강남구;삼성동;8-5 8-5 101호; 050718620681
BHC-강남구청역점;BHC;서울;강남구;삼성동;8-5 8-5 101호; 050718620681
BHC-삼성점;BHC;서울;강남구;삼성동;77-9Chan&Chan Tower 1, 2층; 050712958312
BHC-삼성점;BHC;서울;강남구;삼성동;77-9Chan&Chan Tower 1, 2층; 050712958312
굽네치킨&피자-청담점;굽네치킨;서울;강남구;청담동;35-1 1층; 050352584300
굽네치킨&피자-청담점;굽네치킨;서울;강남구;청담동;35-1 1층; 050352584300
굽네치킨&피자-청담점;굽네치킨;서울;강남구;청담동;35-1 1층; 050352584300
굽네치킨&피자-청담점;굽네치킨;서울;강남구;청담동;35-1 1층; 050352584300
생활치킨-삼성코엑스점;생활치킨;서울;강남구;삼성동;152-55 삼성빌딩 1층; 050712998168
교촌치킨-청담역점;교촌치킨;서울;강남구;청담동;73 진흥아파트 73 진흥아파트 아파트상가 지상1층 5호, 6호; 050352598238
교촌치킨-청담역점;교촌치킨;서울;강남구;청담동;73 진흥아파트 73 진흥아파트 아파트상가 지상1층 5호, 6호; 050352598238
교촌치킨-청담역점;교촌치킨;서울;강남구;청담동;73 진흥아파트 73 진흥아파트 아파트상가 지상1층 5호, 6호; 050352598238
교촌치킨-청담역점;교촌치킨;서울;강남구;청담동;73 진흥아파트 73 진흥아파트 아파트상가 지상1층 5호, 6호; 050352598238
교촌치킨-청담역점;교촌치킨;서울;강남구;청담동;73 진흥아파트 73 진흥아파트 아파트상가 지상1층 5호, 6호; 050352598238
BHC-압구정로데오점;BHC;서울;강남구;신사동;662-19 1층; 050352987704
BHC-압구정로데오점;BHC;서울;강남구;신사동;662-19 1층; 050352987704
BHC-압구정로데오점;BHC;서울;강남구;신사동;662-19 1층; 050352987704
BBQ-압구정점;BBQ;서울;강남구;압구정동;481 현대아파트 B-109; 050352587921
BBQ-압구정점;BBQ;서울;강남구;압구정동;481 현대아파트 B-109; 050352587921
BBQ-압구정점;BBQ;서울;강남구;압구정동;481 현대아파트 B-109; 050352587921
BBQ-압구정점;BBQ;서울;강남구;압구정동;481 현대아파트 B-109; 050352587921
BBQ-압구정점;BBQ;서울;강남구;압구정동;481 현대아파트 B-109; 050352587921
자담치킨-청담점;자담치킨;서울;강남구;청담동;46-9 지하1층; 050352900362
자담치킨-청담점;자담치킨;서울;강남구;청담동;46-9 지하1층; 050352900362
자담치킨-청담점;자담치킨;서울;강남구;청담동;46-9 지하1층; 050352900362
자담치킨-청담점;자담치킨;서울;강남구;청담동;46-9 지하1층; 050352900362
BBQ-논현중앙점;BBQ;서울;강남구;논현동;114-14번지 1층; 050352587918
BBQ-논현중앙점;BBQ;서울;강남구;논현동;114-14번지 1층; 050352587918
BBQ-논현중앙점;BBQ;서울;강남구;논현동;114-14번지 1층; 050352587918
BBQ-논현중앙점;BBQ;서울;강남구;논현동;114-14번지 1층; 050352587918
바른치킨-청담점;바른치킨;서울;강남구;청담동;7-12 지상1층 102호; 050352859587
바른치킨-청담점;바른치킨;서울;강남구;청담동;7-12 지상1층 102호; 050352859587
바른치킨-청담점;바른치킨;서울;강남구;청담동;7-12 지상1층 102호; 050352859587
맘스터치-삼성중앙역점;맘스터치;서울;강남구;삼성동;50-2 상가동 지상1층 109호; 050352958463
맘스터치-삼성중앙역점;맘스터치;서울;강남구;삼성동;50-2 상가동 지상1층 109호; 050352958463
굽네치킨&피자-학동사거리점;굽네치킨;서울;강남구;논현동;99 101호; 050702782709
굽네치킨&피자-학동사거리점;굽네치킨;서울;강남구;논현동;99 101호; 050702782709
굽네치킨&피자-학동사거리점;굽네치킨;서울;강남구;논현동;99 101호; 050702782709
굽네치킨&피자-학동사거리점;굽네치킨;서울;강남구;논현동;99 101호; 050702782709
굽네치킨&피자-학동사거리점;굽네치킨;서울;강남구;논현동;99 101호; 050702782709
굽네치킨&피자-학동사거리점;굽네치킨;서울;강남구;논현동;99 101호; 050702782709
또래오래-강남대치2점;또래오래;서울;강남구;대치동;978-31; 050352588938
또래오래-강남대치2점;또래오래;서울;강남구;대치동;978-31; 050352588938
생활치킨-대치포스코점;생활치킨;서울;강남구;대치동;893 롯데캐슬아파트 지1층 비10호; 050352951930
깐부치킨-삼성1동점;깐부치킨;서울;강남구;삼성동;109-15 현익빌딩 1층; 050352870627
깐부치킨-삼성1동점;깐부치킨;서울;강남구;삼성동;109-15 현익빌딩 1층; 050352870627
깐부치킨-은마아파트점;깐부치킨;서울;강남구;대치동;990; 050718656102
BHC-대치포스코점;BHC;서울;강남구;대치동;894 1층 103호; 050352587922
BHC-대치포스코점;BHC;서울;강남구;대치동;894 1층 103호; 050352587922
BHC-대치포스코점;BHC;서울;강남구;대치동;894 1층 103호; 050352587922
깐부치킨-대치사거리점;깐부치킨;서울;강남구;대치동;913-11 CMS S 1층; 050352966796
호식이두마리치킨-대치1호점;호식이두마리치킨;서울;강남구;대치동;991-9 지하 1층; 050712999764
호식이두마리치킨-대치1호점;호식이두마리치킨;서울;강남구;대치동;991-9 지하 1층; 050712999764
호식이두마리치킨-대치1호점;호식이두마리치킨;서울;강남구;대치동;991-9 지하 1층; 050712999764
60계-대치점;60계치킨;서울;강남구;대치동;622 대치 클래시아 지상1층 114호; 050712995574
60계-대치점;60계치킨;서울;강남구;대치동;622 대치 클래시아 지상1층 114호; 050712995574
60계-대치점;60계치킨;서울;강남구;대치동;622 대치 클래시아 지상1층 114호; 050712995574
60계-대치점;60계치킨;서울;강남구;대치동;622 대치 클래시아 지상1층 114호; 050712995574
60계-대치점;60계치킨;서울;강남구;대치동;622 대치 클래시아 지상1층 114호; 050712995574
BBQ-대치은마점;BBQ;서울;강남구;대치동;992-4 1층; 050712968934
BBQ-대치은마점;BBQ;서울;강남구;대치동;992-4 1층; 050712968934
BBQ-대치은마점;BBQ;서울;강남구;대치동;992-4 1층; 050712968934
BBQ-대치은마점;BBQ;서울;강남구;대치동;992-4 1층; 050712968934
BBQ-대치은마점;BBQ;서울;강남구;대치동;992-4 1층; 050712968934
BBQ-대치은마점;BBQ;서울;강남구;대치동;992-4 1층; 050712968934
BHC-대치포스코점;BHC;서울;강남구;대치동;894 1층 103호; 050352587922
BHC-대치포스코점;BHC;서울;강남구;대치동;894 1층 103호; 050352587922
BHC-대치포스코점;BHC;서울;강남구;대치동;894 1층 103호; 050352587922
교촌치킨-압구정점;교촌치킨;서울;강남구;신사동;640-5 640-5 1층; 050352596731
KFC-압구정1점;KFC;서울;강남구;신사동;581 1층; 050712925875
KFC-압구정1점;KFC;서울;강남구;신사동;581 1층; 050712925875
KFC-압구정1점;KFC;서울;강남구;신사동;581 1층; 050712925875
KFC-압구정1점;KFC;서울;강남구;신사동;581 1층; 050712925875
KFC-압구정1점;KFC;서울;강남구;신사동;581 1층; 050712925875
KFC-압구정1점;KFC;서울;강남구;신사동;581 1층; 050712925875
BHC-역삼스타점;BHC;서울;강남구;역삼동;664-31 2층; 050718620316
BHC-역삼스타점;BHC;서울;강남구;역삼동;664-31 2층; 050718620316
교촌치킨-논현1호점;교촌치킨;서울;강남구;논현동;164-16 164-16 1층; 050352596688
교촌치킨-논현1호점;교촌치킨;서울;강남구;논현동;164-16 164-16 1층; 050352596688
60계치킨-서울논현점;60계치킨;서울;강남구;논현동;183-2 1층; 050352993281
60계치킨-서울논현점;60계치킨;서울;강남구;논현동;183-2 1층; 050352993281
BBQ-학동역점;BBQ;서울;강남구;논현동;212-18 1층; 050712900576
BBQ-학동역점;BBQ;서울;강남구;논현동;212-18 1층; 050712900576
BBQ-학동역점;BBQ;서울;강남구;논현동;212-18 1층; 050712900576
BBQ-학동역점;BBQ;서울;강남구;논현동;212-18 1층; 050712900576
BBQ-학동역점;BBQ;서울;강남구;논현동;212-18 1층; 050712900576
BBQ-학동역점;BBQ;서울;강남구;논현동;212-18 1층; 050712900576
BBQ-논현점;BBQ;서울;강남구;논현동;221-7 한양수자인 어반게이트 지하2층 제비201,202,주방23호; 050702780588
BBQ-논현점;BBQ;서울;강남구;논현동;221-7 한양수자인 어반게이트 지하2층 제비201,202,주방23호; 050702780588
BBQ-논현점;BBQ;서울;강남구;논현동;221-7 한양수자인 어반게이트 지하2층 제비201,202,주방23호; 050702780588
BBQ-논현점;BBQ;서울;강남구;논현동;221-7 한양수자인 어반게이트 지하2층 제비201,202,주방23호; 050702780588
BBQ-논현점;BBQ;서울;강남구;논현동;221-7 한양수자인 어반게이트 지하2층 제비201,202,주방23호; 050702780588
BBQ-논현점;BBQ;서울;강남구;논현동;221-7 한양수자인 어반게이트 지하2층 제비201,202,주방23호; 050702780588
BBQ-논현점;BBQ;서울;강남구;논현동;221-7 한양수자인 어반게이트 지하2층 제비201,202,주방23호; 050702780588
굽네치킨&피자-압구정점;굽네치킨;서울;강남구;신사동;619-6 지상1층 3호; 050352902451
굽네치킨&피자-압구정점;굽네치킨;서울;강남구;신사동;619-6 지상1층 3호; 050352902451
굽네치킨&피자-압구정점;굽네치킨;서울;강남구;신사동;619-6 지상1층 3호; 050352902451
굽네치킨&피자-압구정점;굽네치킨;서울;강남구;신사동;619-6 지상1층 3호; 050352902451
체스터치킨-일원점;;서울;강남구;일원동;645-12 1층 2호; 050718650720
체스터치킨-일원점;;서울;강남구;일원동;645-12 1층 2호; 050718650720
체스터치킨-일원점;;서울;강남구;일원동;645-12 1층 2호; 050718650720
체스터치킨-일원점;;서울;강남구;일원동;645-12 1층 2호; 050718650720
BHC-세곡점;BHC;서울;강남구;율현동;71-3 엔투셀빌딩 101호; 050352958475
BHC-세곡점;BHC;서울;강남구;율현동;71-3 엔투셀빌딩 101호; 050352958475
BHC-세곡점;BHC;서울;강남구;율현동;71-3 엔투셀빌딩 101호; 050352958475
멕시카나-세곡점;멕시카나;서울;강남구;율현동;365 강남 한신휴플러스6단지 336 강남 한신휴플러스 6단지; 050352976522
멕시카나-세곡점;멕시카나;서울;강남구;율현동;365 강남 한신휴플러스6단지 336 강남 한신휴플러스 6단지; 050352976522
멕시카나-세곡점;멕시카나;서울;강남구;율현동;365 강남 한신휴플러스6단지 336 강남 한신휴플러스 6단지; 050352976522
멕시카나-세곡점;멕시카나;서울;강남구;율현동;365 강남 한신휴플러스6단지 336 강남 한신휴플러스 6단지; 050352976522
멕시카나-세곡점;멕시카나;서울;강남구;율현동;365 강남 한신휴플러스6단지 336 강남 한신휴플러스 6단지; 050352976522
멕시카나-세곡점;멕시카나;서울;강남구;율현동;365 강남 한신휴플러스6단지 336 강남 한신휴플러스 6단지; 050352976522
멕시카나-세곡점;멕시카나;서울;강남구;율현동;365 강남 한신휴플러스6단지 336 강남 한신휴플러스 6단지; 050352976522
멕시카나-세곡점;멕시카나;서울;강남구;율현동;365 강남 한신휴플러스6단지 336 강남 한신휴플러스 6단지; 050352976522
멕시카나-세곡점;멕시카나;서울;강남구;율현동;365 강남 한신휴플러스6단지 336 강남 한신휴플러스 6단지; 050352976522
멕시카나-세곡점;멕시카나;서울;강남구;율현동;365 강남 한신휴플러스6단지 336 강남 한신휴플러스 6단지; 050352976522
멕시카나-세곡점;멕시카나;서울;강남구;율현동;365 강남 한신휴플러스6단지 336 강남 한신휴플러스 6단지; 050352976522
멕시카나-세곡점;멕시카나;서울;강남구;율현동;365 강남 한신휴플러스6단지 336 강남 한신휴플러스 6단지; 050352976522
멕시카나-세곡점;멕시카나;서울;강남구;율현동;365 강남 한신휴플러스6단지 336 강남 한신휴플러스 6단지; 050352976522
멕시카나-세곡점;멕시카나;서울;강남구;율현동;365 강남 한신휴플러스6단지 336 강남 한신휴플러스 6단지; 050352976522
멕시카나-세곡점;멕시카나;서울;강남구;율현동;365 강남 한신휴플러스6단지 336 강남 한신휴플러스 6단지; 050352976522
멕시카나-세곡점;멕시카나;서울;강남구;율현동;365 강남 한신휴플러스6단지 336 강남 한신휴플러스 6단지; 050352976522
멕시카나-세곡점;멕시카나;서울;강남구;율현동;365 강남 한신휴플러스6단지 336 강남 한신휴플러스 6단지; 050352976522
멕시카나-세곡점;멕시카나;서울;강남구;율현동;365 강남 한신휴플러스6단지 336 강남 한신휴플러스 6단지; 050352976522
멕시카나-세곡점;멕시카나;서울;강남구;율현동;365 강남 한신휴플러스6단지 336 강남 한신휴플러스 6단지; 050352976522
멕시카나-세곡점;멕시카나;서울;강남구;율현동;365 강남 한신휴플러스6단지 336 강남 한신휴플러스 6단지; 050352976522
멕시카나-세곡점;멕시카나;서울;강남구;율현동;365 강남 한신휴플러스6단지 336 강남 한신휴플러스 6단지; 050352976522
맘스터치-강남세곡점;맘스터치;서울;강남구;자곡동;596 강남 더샵 라르고 1층 118호, 119호, 120호; 050352946575
맘스터치-강남세곡점;맘스터치;서울;강남구;자곡동;596 강남 더샵 라르고 1층 118호, 119호, 120호; 050352946575
롯데리아-세곡점;롯데리아;서울;강남구;세곡동;581 1층 102,103호; 050712984482
롯데리아-세곡점;롯데리아;서울;강남구;세곡동;581 1층 102,103호; 050712984482
롯데리아-세곡점;롯데리아;서울;강남구;세곡동;581 1층 102,103호; 050712984482
굽네치킨&피자-강남세곡점;굽네치킨;서울;강남구;자곡동;56-97 지상1층 105호 106호; 050712940970
굽네치킨&피자-강남세곡점;굽네치킨;서울;강남구;자곡동;56-97 지상1층 105호 106호; 050712940970
굽네치킨&피자-강남세곡점;굽네치킨;서울;강남구;자곡동;56-97 지상1층 105호 106호; 050712940970
굽네치킨&피자-강남세곡점;굽네치킨;서울;강남구;자곡동;56-97 지상1층 105호 106호; 050712940970
굽네치킨&피자-강남세곡점;굽네치킨;서울;강남구;자곡동;56-97 지상1층 105호 106호; 050712940970
굽네치킨&피자-강남세곡점;굽네치킨;서울;강남구;자곡동;56-97 지상1층 105호 106호; 050712940970
굽네치킨&피자-강남세곡점;굽네치킨;서울;강남구;자곡동;56-97 지상1층 105호 106호; 050712940970
교촌치킨-세곡점;교촌치킨;서울;강남구;자곡동;611 래미안 강남힐즈 611 래미안 강남힐즈 상가(635)동 1층 103호; 050712941949
교촌치킨-세곡점;교촌치킨;서울;강남구;자곡동;611 래미안 강남힐즈 611 래미안 강남힐즈 상가(635)동 1층 103호; 050712941949
60계치킨-서울세곡점;60계치킨;서울;강남구;자곡동;658 강남힐스테이트에코 1동 1층 120호; 050352947740
60계치킨-서울세곡점;60계치킨;서울;강남구;자곡동;658 강남힐스테이트에코 1동 1층 120호; 050352947740
60계치킨-서울세곡점;60계치킨;서울;강남구;자곡동;658 강남힐스테이트에코 1동 1층 120호; 050352947740
60계치킨-서울세곡점;60계치킨;서울;강남구;자곡동;658 강남힐스테이트에코 1동 1층 120호; 050352947740
60계치킨-서울세곡점;60계치킨;서울;강남구;자곡동;658 강남힐스테이트에코 1동 1층 120호; 050352947740
60계치킨-서울세곡점;60계치킨;서울;강남구;자곡동;658 강남힐스테이트에코 1동 1층 120호; 050352947740
60계치킨-서울세곡점;60계치킨;서울;강남구;자곡동;658 강남힐스테이트에코 1동 1층 120호; 050352947740
60계치킨-서울세곡점;60계치킨;서울;강남구;자곡동;658 강남힐스테이트에코 1동 1층 120호; 050352947740
60계치킨-서울세곡점;60계치킨;서울;강남구;자곡동;658 강남힐스테이트에코 1동 1층 120호; 050352947740
호식이두마리치킨-세곡점;호식이두마리치킨;서울;강남구;세곡동;525 강남데시앙파크 상가동 105호; 050712949785
호식이두마리치킨-세곡점;호식이두마리치킨;서울;강남구;세곡동;525 강남데시앙파크 상가동 105호; 050712949785
페리카나-수서점;페리카나;서울;강남구;수서동;707 수서주공영구임대아파트 112호; 050702790502
페리카나-수서점;페리카나;서울;강남구;수서동;707 수서주공영구임대아파트 112호; 050702790502
페리카나-수서점;페리카나;서울;강남구;수서동;707 수서주공영구임대아파트 112호; 050702790502
페리카나-수서점;페리카나;서울;강남구;수서동;707 수서주공영구임대아파트 112호; 050702790502
페리카나-수서점;페리카나;서울;강남구;수서동;707 수서주공영구임대아파트 112호; 050702790502
페리카나-수서점;페리카나;서울;강남구;수서동;707 수서주공영구임대아파트 112호; 050702790502
페리카나-수서점;페리카나;서울;강남구;수서동;707 수서주공영구임대아파트 112호; 050702790502
푸라닭-세곡점;푸라닭;서울;강남구;자곡동;600 강남푸르지오시티 1차 제지1층 12호; 050352957502
푸라닭-세곡점;푸라닭;서울;강남구;자곡동;600 강남푸르지오시티 1차 제지1층 12호; 050352957502
푸라닭-세곡점;푸라닭;서울;강남구;자곡동;600 강남푸르지오시티 1차 제지1층 12호; 050352957502
BBQ-자곡행운점;BBQ;서울;강남구;자곡동;600 강남푸르지오시티 1차 지하1층 B05호; 050352886728
BBQ-자곡행운점;BBQ;서울;강남구;자곡동;600 강남푸르지오시티 1차 지하1층 B05호; 050352886728
BBQ-자곡행운점;BBQ;서울;강남구;자곡동;600 강남푸르지오시티 1차 지하1층 B05호; 050352886728
BBQ-자곡행운점;BBQ;서울;강남구;자곡동;600 강남푸르지오시티 1차 지하1층 B05호; 050352886728
BBQ-자곡행운점;BBQ;서울;강남구;자곡동;600 강남푸르지오시티 1차 지하1층 B05호; 050352886728
멕시카나-수서점;멕시카나;서울;강남구;수서동;736번지; 050352579599
멕시카나-수서점;멕시카나;서울;강남구;수서동;736번지; 050352579599
멕시카나-수서점;멕시카나;서울;강남구;수서동;736번지; 050352579599
멕시카나-수서점;멕시카나;서울;강남구;수서동;736번지; 050352579599
멕시카나-수서점;멕시카나;서울;강남구;수서동;736번지; 050352579599
멕시카나-수서점;멕시카나;서울;강남구;수서동;736번지; 050352579599
멕시카나-수서점;멕시카나;서울;강남구;수서동;736번지; 050352579599
멕시카나-수서점;멕시카나;서울;강남구;수서동;736번지; 050352579599
멕시카나-수서점;멕시카나;서울;강남구;수서동;736번지; 050352579599
멕시카나-수서점;멕시카나;서울;강남구;수서동;736번지; 050352579599
멕시카나-수서점;멕시카나;서울;강남구;수서동;736번지; 050352579599
멕시카나-수서점;멕시카나;서울;강남구;수서동;736번지; 050352579599
멕시카나-수서점;멕시카나;서울;강남구;수서동;736번지; 050352579599
멕시카나-수서점;멕시카나;서울;강남구;수서동;736번지; 050352579599
멕시카나-수서점;멕시카나;서울;강남구;수서동;736번지; 050352579599
멕시카나-수서점;멕시카나;서울;강남구;수서동;736번지; 050352579599
멕시카나-수서점;멕시카나;서울;강남구;수서동;736번지; 050352579599
멕시카나-수서점;멕시카나;서울;강남구;수서동;736번지; 050352579599
롯데리아-강남일원점;롯데리아;서울;강남구;일원동;643-4 1층; 050712937221
롯데리아-강남일원점;롯데리아;서울;강남구;일원동;643-4 1층; 050712937221
롯데리아-강남일원점;롯데리아;서울;강남구;일원동;643-4 1층; 050712937221
BBQ-일원삼성점;BBQ;서울;강남구;수서동;747 삼성아파트상가; 050352588904
BBQ-일원삼성점;BBQ;서울;강남구;수서동;747 삼성아파트상가; 050352588904
BBQ-일원삼성점;BBQ;서울;강남구;수서동;747 삼성아파트상가; 050352588904
BBQ-일원삼성점;BBQ;서울;강남구;수서동;747 삼성아파트상가; 050352588904
BBQ-일원삼성점;BBQ;서울;강남구;수서동;747 삼성아파트상가; 050352588904
깐부치킨-일원점;깐부치킨;서울;강남구;일원동;687-1 1층; 050712976659
처갓집양념치킨-수서점;처갓집양념통닭;서울;강남구;수서동;725-1 목화오피스텔 1층 101호; 050352969116
처갓집양념치킨-수서점;처갓집양념통닭;서울;강남구;수서동;725-1 목화오피스텔 1층 101호; 050352969116
처갓집양념치킨-수서점;처갓집양념통닭;서울;강남구;수서동;725-1 목화오피스텔 1층 101호; 050352969116
처갓집양념치킨-수서점;처갓집양념통닭;서울;강남구;수서동;725-1 목화오피스텔 1층 101호; 050352969116
처갓집양념치킨-수서점;처갓집양념통닭;서울;강남구;수서동;725-1 목화오피스텔 1층 101호; 050352969116
처갓집양념치킨-수서점;처갓집양념통닭;서울;강남구;수서동;725-1 목화오피스텔 1층 101호; 050352969116
BHC-일원점;BHC;서울;강남구;일원동;627-11 옐로우하우스 1층; 050712971581
BHC-일원점;BHC;서울;강남구;일원동;627-11 옐로우하우스 1층; 050712971581
BHC-일원점;BHC;서울;강남구;일원동;627-11 옐로우하우스 1층; 050712971581
호식이두마리치킨-일원점;호식이두마리치킨;서울;강남구;일원동;662-1 지상1층; 050712929392
호식이두마리치킨-일원점;호식이두마리치킨;서울;강남구;일원동;662-1 지상1층; 050712929392
BBQ-강남수서점;BBQ;서울;강남구;수서동;713 수서현대벤쳐빌 1164호; 050352980831
BBQ-강남수서점;BBQ;서울;강남구;수서동;713 수서현대벤쳐빌 1164호; 050352980831
BBQ-강남수서점;BBQ;서울;강남구;수서동;713 수서현대벤쳐빌 1164호; 050352980831
BBQ-강남수서점;BBQ;서울;강남구;수서동;713 수서현대벤쳐빌 1164호; 050352980831
BBQ-강남수서점;BBQ;서울;강남구;수서동;713 수서현대벤쳐빌 1164호; 050352980831
BBQ-강남수서점;BBQ;서울;강남구;수서동;713 수서현대벤쳐빌 1164호; 050352980831
BBQ-강남수서점;BBQ;서울;강남구;수서동;713 수서현대벤쳐빌 1164호; 050352980831
또래오래-강남일원점;또래오래;서울;강남구;일원동;645-10 지상1층 103호;
또래오래-강남일원점;또래오래;서울;강남구;일원동;645-10 지상1층 103호;
또래오래-강남일원점;또래오래;서울;강남구;일원동;645-10 지상1층 103호;
BHC-강남역삼점;BHC;서울;강남구;역삼동;752-18 1층; 050352928461
BHC-강남역삼점;BHC;서울;강남구;역삼동;752-18 1층; 050352928461
BHC-강남역삼점;BHC;서울;강남구;역삼동;752-18 1층; 050352928461
BBQ-서초양재점;BBQ;서울;강남구;도곡동;950-6 1층 102호; 050718621423
BBQ-서초양재점;BBQ;서울;강남구;도곡동;950-6 1층 102호; 050718621423
BBQ-서초양재점;BBQ;서울;강남구;도곡동;950-6 1층 102호; 050718621423
BBQ-서초양재점;BBQ;서울;강남구;도곡동;950-6 1층 102호; 050718621423
BBQ-서초양재점;BBQ;서울;강남구;도곡동;950-6 1층 102호; 050718621423
BBQ-서초양재점;BBQ;서울;강남구;도곡동;950-6 1층 102호; 050718621423
호식이두마리치킨-세곡점;호식이두마리치킨;서울;강남구;세곡동;525 강남데시앙파크 상가동 105호; 050712949785
버텍스미국식덮밥-논현점;버텍스미국식덮밥;서울;강남구;논현동;148 지상1층 101호 일부;
교촌치킨-역삼1호점;교촌치킨;서울;강남구;역삼동;834-103 834-103 1층; 050352597020
교촌치킨-역삼1호점;교촌치킨;서울;강남구;역삼동;834-103 834-103 1층; 050352597020
교촌치킨-대치1호점;교촌치킨;서울;강남구;대치동;913-25 913-25 1층 3호, 20호; 050712913961
교촌치킨-대치1호점;교촌치킨;서울;강남구;대치동;913-25 913-25 1층 3호, 20호; 050712913961
교촌치킨-개포1호점;교촌치킨;서울;강남구;개포동;1229-18 1229-18 1층; 050712911239
교촌치킨-청담역점;교촌치킨;서울;강남구;청담동;73 진흥아파트 73 진흥아파트 아파트상가 지상1층 5호, 6호; 050352598238
교촌치킨-청담역점;교촌치킨;서울;강남구;청담동;73 진흥아파트 73 진흥아파트 아파트상가 지상1층 5호, 6호; 050352598238
교촌치킨-청담역점;교촌치킨;서울;강남구;청담동;73 진흥아파트 73 진흥아파트 아파트상가 지상1층 5호, 6호; 050352598238
교촌치킨-논현1호점;교촌치킨;서울;강남구;논현동;164-16 164-16 1층; 050352596688
교촌치킨-논현1호점;교촌치킨;서울;강남구;논현동;164-16 164-16 1층; 050352596688
교촌치킨-일원1동점;교촌치킨;서울;강남구;일원동;645 645 지상 1층; 050352849405
교촌치킨-일원1동점;교촌치킨;서울;강남구;일원동;645 645 지상 1층; 050352849405
교촌치킨-일원1동점;교촌치킨;서울;강남구;일원동;645 645 지상 1층; 050352849405
KFC-역삼역점;KFC;서울;강남구;역삼동;642-10 송암II빌딩 1,2층; 050712921901
KFC-일원동점;KFC;서울;강남구;일원동;615-1 기호빌딩; 050712921977
KFC-강남구청역점;KFC;서울;강남구;삼성동;1 천마빌딩 103호; 050712922124
KFC-압구정1점;KFC;서울;강남구;신사동;581 1층; 050712925875
압구정메이드;;서울;강남구;신사동;572-1 지상1층; 050702784663
당신은지금치킨이땡긴다-논현2호점;당신은지금치킨이땡긴다;서울;강남구;논현동;108 논현웰스톤 지하2층 B201호 주방26호; 050352995352
당신은지금치킨이땡긴다-논현2호점;당신은지금치킨이땡긴다;서울;강남구;논현동;108 논현웰스톤 지하2층 B201호 주방26호; 050352995352
롸버트치킨-강남2호기점;;서울;강남구;개포동;1260 지상1층 1호;
롸버트치킨-강남2호기점;;서울;강남구;개포동;1260 지상1층 1호;
모야시키친;;서울;강남구;도곡동;411-18 중앙빌딩 1층;
헤라's키친-역삼점;;서울;강남구;역삼동;798-25 1층 A호; 050352900179
호야닭도리;;서울;강남구;역삼동;645-14 1층; 050352591029
호야닭도리;;서울;강남구;역삼동;645-14 1층; 050352591029
BHC-양재점;BHC;서울;강남구;개포동;1236-6 1층 102호; 050712900255
BHC-양재점;BHC;서울;강남구;개포동;1236-6 1층 102호; 050712900255
피자노베;;서울;강남구;개포동;1184-1  1층 피자노베; 050352591933
피자노베;;서울;강남구;개포동;1184-1  1층 피자노베; 050352591933
피자노베;;서울;강남구;개포동;1184-1  1층 피자노베; 050352591933
피자노베;;서울;강남구;개포동;1184-1  1층 피자노베; 050352591933
지코바치킨-대치1호점;지코바;서울;강남구;대치동;922-27 대치4동우편취급소 1층 101호; 050718657139
지코바치킨-대치1호점;지코바;서울;강남구;대치동;922-27 대치4동우편취급소 1층 101호; 050718657139
지코바치킨-대치1호점;지코바;서울;강남구;대치동;922-27 대치4동우편취급소 1층 101호; 050718657139
봉추찜닭-강남358타워점;봉추찜닭;서울;강남구;역삼동;826-14 강남358타워 강남358타워;
굼터치킨;;서울;강남구;도곡동;944-1 1층;
치킨공식;;서울;강남구;역삼동;738-1 역삼동JESS 1층 2호;
명가옛날통닭-역삼점;명가옛날통닭;서울;강남구;역삼동;840-7 1층 101호;
바른치킨-개포점;바른치킨;서울;강남구;개포동;159-6; 050352932018
바른치킨-개포점;바른치킨;서울;강남구;개포동;159-6; 050352932018
바른치킨-개포점;바른치킨;서울;강남구;개포동;159-6; 050352932018
바른치킨-개포점;바른치킨;서울;강남구;개포동;159-6; 050352932018
설맥딜리버리-논현직영점;;서울;강남구;논현동;163-17 상당빌딩 101호; 050352855678
루프808;;서울;강남구;역삼동;808 808타워 16층; 050352970222
걸작떡볶이치킨-논현점;걸작떡볶이치킨;서울;강남구;논현동;164-11 광명빌딩 1층 101,102호; 050712960843
걸작떡볶이치킨-논현점;걸작떡볶이치킨;서울;강남구;논현동;164-11 광명빌딩 1층 101,102호; 050712960843
스시오마카세스시롭다;;서울;강남구;논현동;163-5 1,2층; 050352910932
꼭그닭-강남딜리버리;;서울;강남구;역삼동;812-18 지하1층; 050352853818
한양집-강남본점;;서울;강남구;논현동;231-6 2층;
역전식당-강남본점;;서울;강남구;논현동;231-6 2층 2-3호 지점;
닭강정왕자떡볶이공주-신논현점;;서울;강남구;역삼동;603-4 지하1층 6호; 050352914732
고기왕창명품비빔밥-강남본점;;서울;강남구;논현동;231-6;
걸작곱도리&낙곱새-강남본점;;서울;강남구;논현동;231-6 2층;
서울밥상-강남본점;;서울;강남구;논현동;231-6 2층 2-1호 지점;
혼밥장인-강남본점;;서울;강남구;논현동;231-6 2층;
명품곱도리&낙곱새-강남본점;;서울;강남구;논현동;231-6 2층;
논현집-강남본점;;서울;강남구;논현동;231-6 2층 엠제이키친;
명품찜닭&곱도리-강남본점;;서울;강남구;논현동;231-6 2층 2-7호 지점;
살얼음냉면&직화삼겹덮밥-강남본점;;서울;강남구;논현동;231-6 2층;
7딸라김치찌개&제육볶음-강남본점;;서울;강남구;논현동;231-6 2층;
밥도둑한끼품격-강남본점;;서울;강남구;논현동;231-6 2층;
민구네곱창떡볶이-강남본점;;서울;강남구;논현동;231-6 2층;
서울식당-강남본점;;서울;강남구;논현동;231-6 2;
브라더매운갈비찜&찜닭-강남본점;;서울;강남구;논현동;231-6 2층 3-6지점;
맵스매운갈비찜&낙곱새-강남본점;;서울;강남구;논현동;231-6 2층;
호남식당-강남본점;;서울;강남구;논현동;231-6 2층 2-4호 지점;
뉴욕치킨앤윙비어플러스;;서울;강남구;역삼동;646-4 2층;
명품밥상-강남본점;;서울;강남구;논현동;231-6 2층 3-1호지점;
정가옥-강남본점;;서울;강남구;논현동;231-6 2층;
남도식당-강남본점;;서울;강남구;논현동;231-6 2층 2-5호 지점;
한사바리국밥냉면-강남본점;;서울;강남구;논현동;231-6 2층;
고기왕창통큰비빔밥-강남본점;;서울;강남구;논현동;231-6 2층;
Mr매운갈비찜&찜닭-강남본점;;서울;강남구;논현동;231-6 2층;
경성식당-강남본점;;서울;강남구;논현동;231-6 2층;
1인한끼밥상-강남본점;;서울;강남구;논현동;231-6 2층;
오월밥상;;서울;강남구;역삼동;706-20 한화 진넥스빌 706-20 한화 진넥스빌 지하1층 6호,6-1호 주방38호;
명품우삼겹&우된장-강남본점;;서울;강남구;논현동;231-6 2층;
걸작고기왕창비빔밥-강남본점;;서울;강남구;논현동;231-6 2층 3-3호지점;
정통매운갈비찜&곱도리탕-강남본점;;서울;강남구;논현동;231-6 2층 2-6호 지점;
장군식당-강남본점;;서울;강남구;논현동;231-6 2층 3-7호지점;
청년곱도리&곱떡-강남본점;;서울;강남구;논현동;231-6 2층 3-5지점;
장군집-강남본점;;서울;강남구;논현동;231-6 2층;
무라카츠돈까스-수제돈까스전문점;;서울;강남구;논현동;231-6 2층 2-8호 지점;
장미식당-본점;;서울;강남구;역삼동;706-20 한화 진넥스빌 706-20 한화 진넥스빌 지하1층 6호,6-1호 주방1호;
성원식당-강남본점;;서울;강남구;논현동;231-6 2층 3-2호점;
한성집;;서울;강남구;역삼동;706-20 한화 진넥스빌 706-20 한화 진넥스빌 지하1층 6호,6-1호 주방7호;
명품설렁탕&나주곰탕-강남본점;;서울;강남구;논현동;231-6 2층;
밥도둑한그릇뚝딱-강남본점;;서울;강남구;논현동;231-6 2층;
파파스토리떡볶이-본점;;서울;강남구;논현동;108 논현웰스톤 1층 125호;
오름집;;서울;강남구;역삼동;706-20 한화 진넥스빌 706-20 한화 진넥스빌 지하1층 6호,6-1호 주방15호;
인생곱도리&낙곱새-강남본점;;서울;강남구;논현동;231-6 2층 2-2호 지점;
제비식당;;서울;강남구;역삼동;706-20 한화 진넥스빌 706-20 한화 진넥스빌 지하1층 6호,6-1호 주방3호;
역삼보리밭&직화구이;;서울;강남구;역삼동;706-20 한화 진넥스빌 706-20 한화 진넥스빌 지하1층 6호,6-1호 주방40호;
금오식당-본점;;서울;강남구;역삼동;706-20 한화 진넥스빌 706-20 한화 진넥스빌 지하1층 6호,6-1호 주방37호;
미락식당;;서울;강남구;역삼동;706-20 한화 진넥스빌 706-20 한화 진넥스빌 지하1층 6호,6-1호 주방4호;
포차어게인-강남본점;포차어게인;서울;강남구;역삼동;813 2층;
길손식당;;서울;강남구;역삼동;706-20 한화 진넥스빌 706-20 한화 진넥스빌 지하1층 6호, 6-1호 주방9호;
상무식당;;서울;강남구;역삼동;706-20 한화 진넥스빌 706-20 한화 진넥스빌 지하1층 6호,6-1호 주방11호;
다온식당-본점;;서울;강남구;역삼동;706-20 한화 진넥스빌 706-20 한화 진넥스빌 지하1층 6호,6-1호 주방36호;
팔월식당;;서울;강남구;역삼동;706-20 한화 진넥스빌 706-20 한화 진넥스빌 지하1층 6호,6-1호 주방39호;
팔도맛집;;서울;강남구;역삼동;706-20 한화 진넥스빌 706-20 한화 진넥스빌 지하1층 6호,6-1호 주방14호;
풍산집;;서울;강남구;역삼동;706-20 한화 진넥스빌 706-20 한화 진넥스빌 지하1층 6호, 6-1호 주방8호;
올레식당;;서울;강남구;역삼동;706-20 한화 진넥스빌 706-20 한화 진넥스빌 지하1층 6호,6-1호 주방6호;
팔각도-논현점;;서울;강남구;논현동;143-2 지상1층;
버들식당;;서울;강남구;역삼동;706-20 한화 진넥스빌 706-20 한화 진넥스빌 지하1층 6호,6-1호 주방2호점;
영동옛날통닭-강남점;;서울;강남구;논현동;144-15 1층; 050352574391
영동옛날통닭-강남점;;서울;강남구;논현동;144-15 1층; 050352574391
미스터존슨바베큐-강남점;;서울;강남구;논현동;233-4, 지하층1호; 050712935330
서울제일치킨-강남본점;;서울;강남구;논현동;165-11 2층 3층; 050353718125
서울3대치킨계열사-논현점;;서울;강남구;논현동;230-18  102호; 050718641198
셰플리-셰프의건강한한끼(강남);셰플리;서울;강남구;역삼동;669-6 지하1층;
네네치킨-강남신사점;네네치킨;서울;강남구;신사동;569-26 1층; 050712980639
신세계치밥도시락-삼성동점;;서울;강남구;삼성동;8-2 브라운스톤 레전드 8-2 브라운스톤 레전드 지하1층 B110호, B111호, 주방3호;
BHC-압구정역점;BHC;서울;강남구;신사동;566-35 지상1층; 050718614287
BHC-압구정역점;BHC;서울;강남구;신사동;566-35 지상1층; 050718614287
BHC-압구정역점;BHC;서울;강남구;신사동;566-35 지상1층; 050718614287
BBQ-신사가로수길점;BBQ;서울;강남구;신사동;535-8 한교빌딩 지상2층; 050352907156
BBQ-신사가로수길점;BBQ;서울;강남구;신사동;535-8 한교빌딩 지상2층; 050352907156
질할브로스-역삼점;;서울;강남구;역삼동;642-24 역삼하이츠빌딩 역삼하이츠빌딩;
세인트그릴;;서울;강남구;신사동;550-8 지상1층;
클랩피자-청담점;;서울;강남구;신사동;648-24 1층;
싸움의고수-압구정점;싸움의고수;서울;강남구;신사동;620 압구정스퀘어 지상 1층 107호;
땅땅치킨-강남논현점;땅땅치킨;서울;강남구;논현동;191-3 1층 105호; 050352991376
땅땅치킨-강남논현점;땅땅치킨;서울;강남구;논현동;191-3 1층 105호; 050352991376
아트몬스터수제맥주&치킨&피자-강남역점;;서울;강남구;역삼동;817-5 지상1,2층;
윙앤딥(WING&DIP);;서울;강남구;신사동;656-2 1층 1호;
브릭버거;;서울;강남구;신사동;572-1 1층; 050718619046
싸다김밥-언주역점;싸다김밥;서울;강남구;역삼동;659 아리지 빌딩 1층 101호; 050352966178
BBQ-논현스타점;BBQ;서울;강남구;논현동;122-25 새호시티라이프빌딩 지상1층 101호; 050702786209
BBQ-논현스타점;BBQ;서울;강남구;논현동;122-25 새호시티라이프빌딩 지상1층 101호; 050702786209
노랑통닭-강남자곡점;노랑통닭;서울;강남구;자곡동;651 강남유탑유블레스 111-1호; 050718660937
BBQ-강남세곡점;BBQ;서울;강남구;세곡동;581 지상1층 101호; 050352908221
BBQ-강남세곡점;BBQ;서울;강남구;세곡동;581 지상1층 101호; 050352908221
부어치킨-세곡점;부어치킨;서울;강남구;세곡동;590 라온 프라이빗시티 1층114호,115호; 050352939076
부어치킨-세곡점;부어치킨;서울;강남구;세곡동;590 라온 프라이빗시티 1층114호,115호; 050352939076
깐부치킨-세곡점;깐부치킨;서울;강남구;세곡동;590 라온 프라이빗시티 지상1층 108호; 050712981911
모던통닭-일원점;모던통닭;서울;강남구;일원동;666-8 102호; 050352851961
돈치킨-자곡점;돈치킨;서울;강남구;자곡동;621 엘에이치강남3단지 상가동 1층 102호; 050712973560
갈현동치떡;;서울;강남구;역삼동;656-19 지엔에스 1층; 050718631048
갈현동치떡;;서울;강남구;역삼동;656-19 지엔에스 1층; 050718631048
옛날통닭&국물떡볶이-역삼점;;서울;강남구;역삼동;699-20 1층 103호; 050718623000
옛날통닭&국물떡볶이-역삼점;;서울;강남구;역삼동;699-20 1층 103호; 050718623000
대왕통닭-역삼점;대왕통닭;서울;강남구;역삼동;699-20 1층 103호; 050718622931
대왕통닭-역삼점;대왕통닭;서울;강남구;역삼동;699-20 1층 103호; 050718622931
옛날통닭&국물닭발-역삼점;;서울;강남구;역삼동;699-20 1층 103호; 050718622991
옛날통닭&국물닭발-역삼점;;서울;강남구;역삼동;699-20 1층 103호; 050718622991
배가무닭볶음탕;;서울;강남구;대치동;896-16 1층;
옛날치킨&피자-역삼점;;서울;강남구;역삼동;699-20 1층 103호; 050718623002
옛날치킨&피자-역삼점;;서울;강남구;역삼동;699-20 1층 103호; 050718623002
리꼬리꼬;;서울;강남구;대치동;902 대치포스코더샵아파트 지층12호;
걸작떡볶이치킨-서울대치점;걸작떡볶이치킨;서울;강남구;대치동;919-11 동해빌딩 1층; 050352976289
걸작떡볶이치킨-서울대치점;걸작떡볶이치킨;서울;강남구;대치동;919-11 동해빌딩 1층; 050352976289
매콤닭볶음탕&안동찜닭-역삼점;;서울;강남구;역삼동;699-20 1층 103호; 050718622999
매콤닭볶음탕&안동찜닭-역삼점;;서울;강남구;역삼동;699-20 1층 103호; 050718622999
더블폭탄피자-강남점;;서울;강남구;논현동;114-19 1층; 050718659207
더블폭탄피자-강남점;;서울;강남구;논현동;114-19 1층; 050718659207
64겹페스츄리피자;;서울;강남구;논현동;114-19 1층; 050718659209
64겹페스츄리피자;;서울;강남구;논현동;114-19 1층; 050718659209
날씬한씬피자&훈제치킨;;서울;강남구;논현동;114-19 1층; 050718659215
날씬한씬피자&훈제치킨;;서울;강남구;논현동;114-19 1층; 050718659215
하나더피자&훈제치킨;;서울;강남구;논현동;114-19 1층; 050718659213
하나더피자&훈제치킨;;서울;강남구;논현동;114-19 1층; 050718659213
길포차;;서울;강남구;대치동;901-77 1층 103호;
델리치킨;;서울;강남구;역삼동;656-19 지엔에스 1층; 050352559592
델리치킨;;서울;강남구;역삼동;656-19 지엔에스 1층; 050352559592
델리파닭;;서울;강남구;역삼동;656-19 지엔에스 1층; 050352549995
델리파닭;;서울;강남구;역삼동;656-19 지엔에스 1층; 050352549995
치킨&돈까스대치2분점;;서울;강남구;대치동;912-24 대일빌딩 101호;
치킨&돈까스대치2분점;;서울;강남구;대치동;912-24 대일빌딩 101호;
치킨&돈까스대치2분점;;서울;강남구;대치동;912-24 대일빌딩 101호;
교촌치킨-역삼1호점;교촌치킨;서울;강남구;역삼동;834-103 834-103 1층; 050352597020
교촌치킨-역삼1호점;교촌치킨;서울;강남구;역삼동;834-103 834-103 1층; 050352597020
티바두마리치킨-대치점;티바두마리치킨;서울;강남구;대치동;939-28 윤성빌딩 106호; 050352962678
티바두마리치킨-대치점;티바두마리치킨;서울;강남구;대치동;939-28 윤성빌딩 106호; 050352962678
티바두마리치킨-대치점;티바두마리치킨;서울;강남구;대치동;939-28 윤성빌딩 106호; 050352962678
네네치킨-대치점;네네치킨;서울;강남구;대치동;902 대치포스코더샵아파트 상가동 지하1층 10호,11호; 050712962228
네네치킨-대치점;네네치킨;서울;강남구;대치동;902 대치포스코더샵아파트 상가동 지하1층 10호,11호; 050712962228
놀부옛날통닭-선릉점;놀부옛날통닭;서울;강남구;대치동;896-28 지하1층; 050352918952
놀부옛날통닭-선릉점;놀부옛날통닭;서울;강남구;대치동;896-28 지하1층; 050352918952
놀부옛날통닭-선릉점;놀부옛날통닭;서울;강남구;대치동;896-28 지하1층; 050352918952
멕시카나-선릉역점;멕시카나;서울;강남구;대치동;890-54 1층 103호; 050352590566
멕시카나-선릉역점;멕시카나;서울;강남구;대치동;890-54 1층 103호; 050352590566
가마치통닭-역삼점;가마치통닭;서울;강남구;역삼동;799-21 창림빌딩 1층 104호; 050352932617
가마치통닭-역삼점;가마치통닭;서울;강남구;역삼동;799-21 창림빌딩 1층 104호; 050352932617
또래오래-강남대치점;또래오래;서울;강남구;대치동;962-12 1층; 050352588941
또래오래-강남대치점;또래오래;서울;강남구;대치동;962-12 1층; 050352588941
가마로강정-한티점;가마로강정;서울;강남구;대치동;908 1층 6호; 050352849926
가마로강정-한티점;가마로강정;서울;강남구;대치동;908 1층 6호; 050352849926
BHC-한티역점;BHC;서울;강남구;대치동;922-17 1층; 050712947665
BHC-한티역점;BHC;서울;강남구;대치동;922-17 1층; 050712947665
BHC-한티역점;BHC;서울;강남구;대치동;922-17 1층; 050712947665
훌랄라치킨-역삼1점;훌랄라치킨;서울;강남구;역삼동;723 혜성빌딩 1층; 050352983923
훌랄라치킨-역삼1점;훌랄라치킨;서울;강남구;역삼동;723 혜성빌딩 1층; 050352983923
질할브로스-청담점;;서울;강남구;청담동;124-11;
옛날통닭-한티역점;옛날통닭;서울;강남구;대치동;922-28 성진빌딩 1층 102호;
둘둘치킨-선릉공원점;둘둘치킨;서울;강남구;삼성동;142-22 dmp 지상1층;
바른치킨-강남선릉점;바른치킨;서울;강남구;대치동;889-72 선릉 MT 빌딩 101호;
깐부치킨-한티점;깐부치킨;서울;강남구;대치동;908-20 대치 EM 프라자 1층 101호; 050352932028
치킨뱅이-삼성3호점;치킨뱅이;서울;강남구;대치동;1000-1 1층;
네네치킨-도곡점;네네치킨;서울;강남구;도곡동;543-7 도곡1차 I PARK 상가동 지하1층 107호; 050352960931
네네치킨-도곡점;네네치킨;서울;강남구;도곡동;543-7 도곡1차 I PARK 상가동 지하1층 107호; 050352960931
푸라닭-대치점;푸라닭;서울;강남구;대치동;905-28 1층 103호; 050352883087
치킨혁명-언주점;치킨혁명;서울;강남구;논현동;176-24 지하1층; 050352846410
치킨혁명-언주점;치킨혁명;서울;강남구;논현동;176-24 지하1층; 050352846410
치교치킨-선릉점;치교치킨;서울;강남구;삼성동;143-33 지하1층; 050352919904
치교치킨-선릉점;치교치킨;서울;강남구;삼성동;143-33 지하1층; 050352919904
치킨플러스-대치점;치킨플러스;서울;강남구;대치동;916-4 목림 1층; 050352931621
치킨플러스-대치점;치킨플러스;서울;강남구;대치동;916-4 목림 1층; 050352931621
당신은지금치킨이땡긴다-역삼1호점;당신은지금치킨이땡긴다;서울;강남구;역삼동;799-18 지하1층 주방3호; 050353713260
당신은지금치킨이땡긴다-역삼1호점;당신은지금치킨이땡긴다;서울;강남구;역삼동;799-18 지하1층 주방3호; 050353713260
가마로강정-삼성동점;가마로강정;서울;강남구;삼성동;16 지상1층 107호; 050352598954
가마로강정-삼성동점;가마로강정;서울;강남구;삼성동;16 지상1층 107호; 050352598954
생활치킨-강남역점;생활치킨;서울;강남구;역삼동;831-27 1층; 050718652746
지코바치킨-삼성1호점;지코바;서울;강남구;삼성동;26-34 지상1층 101호; 050352919004
지코바치킨-삼성1호점;지코바;서울;강남구;삼성동;26-34 지상1층 101호; 050352919004
페리카나-경복점;페리카나;서울;강남구;논현동;277 1층; 050712956648
꼬꾸이참나무누룽지통닭-일원점;;서울;강남구;일원동;681-7 지상1층; 050702793123
꼬꾸이참나무누룽지통닭-일원점;;서울;강남구;일원동;681-7 지상1층; 050702793123
BHC-일원삼성점;BHC;서울;강남구;수서동;747 삼성아파트 상가 101-4호; 050352980227
BHC-일원삼성점;BHC;서울;강남구;수서동;747 삼성아파트 상가 101-4호; 050352980227
BHC-일원삼성점;BHC;서울;강남구;수서동;747 삼성아파트 상가 101-4호; 050352980227
교촌치킨-개포1호점;교촌치킨;서울;강남구;개포동;1229-18 1229-18 1층; 050712911239
교촌치킨-개포1호점;교촌치킨;서울;강남구;개포동;1229-18 1229-18 1층; 050712911239
깐부치킨-개포점;깐부치킨;서울;강남구;개포동;186-16 현대빌딩 108, 109호; 050712976620
BBQ-개포동역점;BBQ;서울;강남구;개포동;186-17 개포종합상가 1층 108호; 050712913490
BBQ-개포동역점;BBQ;서울;강남구;개포동;186-17 개포종합상가 1층 108호; 050712913490
국대후라이드치킨-압구정로데오점;국대후라이드치킨;서울;강남구;신사동;665-6 신한양빌딩 지상1층 10호;
국대후라이드치킨-압구정로데오점;국대후라이드치킨;서울;강남구;신사동;665-6 신한양빌딩 지상1층 10호;
호식이두마리치킨-강남논현1호점;호식이두마리치킨;서울;강남구;논현동;254-24 향원빌딩 1층; 050718665195
BHC-강남구청역점;BHC;서울;강남구;삼성동;8-5 8-5 101호; 050718620681
BHC-강남구청역점;BHC;서울;강남구;삼성동;8-5 8-5 101호; 050718620681
BHC-삼성점;BHC;서울;강남구;삼성동;77-9Chan&Chan Tower 1, 2층; 050712958312
BHC-삼성점;BHC;서울;강남구;삼성동;77-9Chan&Chan Tower 1, 2층; 050712958312
생활치킨-삼성코엑스점;생활치킨;서울;강남구;삼성동;152-55 삼성빌딩 1층; 050712998168
교촌치킨-청담역점;교촌치킨;서울;강남구;청담동;73 진흥아파트 73 진흥아파트 아파트상가 지상1층 5호, 6호; 050352598238
교촌치킨-청담역점;교촌치킨;서울;강남구;청담동;73 진흥아파트 73 진흥아파트 아파트상가 지상1층 5호, 6호; 050352598238
교촌치킨-청담역점;교촌치킨;서울;강남구;청담동;73 진흥아파트 73 진흥아파트 아파트상가 지상1층 5호, 6호; 050352598238
교촌치킨-청담역점;교촌치킨;서울;강남구;청담동;73 진흥아파트 73 진흥아파트 아파트상가 지상1층 5호, 6호; 050352598238
교촌치킨-청담역점;교촌치킨;서울;강남구;청담동;73 진흥아파트 73 진흥아파트 아파트상가 지상1층 5호, 6호; 050352598238
BHC-압구정로데오점;BHC;서울;강남구;신사동;662-19 1층; 050352987704
BHC-압구정로데오점;BHC;서울;강남구;신사동;662-19 1층; 050352987704
BBQ-압구정점;BBQ;서울;강남구;압구정동;481 현대아파트 B-109; 050352587921
BBQ-압구정점;BBQ;서울;강남구;압구정동;481 현대아파트 B-109; 050352587921
자담치킨-청담점;자담치킨;서울;강남구;청담동;46-9 지하1층; 050352900362
자담치킨-청담점;자담치킨;서울;강남구;청담동;46-9 지하1층; 050352900362
BBQ-논현중앙점;BBQ;서울;강남구;논현동;114-14번지 1층; 050352587918
BBQ-논현중앙점;BBQ;서울;강남구;논현동;114-14번지 1층; 050352587918
바른치킨-청담점;바른치킨;서울;강남구;청담동;7-12 지상1층 102호; 050352859587
바른치킨-청담점;바른치킨;서울;강남구;청담동;7-12 지상1층 102호; 050352859587
바른치킨-청담점;바른치킨;서울;강남구;청담동;7-12 지상1층 102호; 050352859587
또래오래-강남대치2점;또래오래;서울;강남구;대치동;978-31; 050352588938
또래오래-강남대치2점;또래오래;서울;강남구;대치동;978-31; 050352588938
생활치킨-대치포스코점;생활치킨;서울;강남구;대치동;893 롯데캐슬아파트 지1층 비10호; 050352951930
깐부치킨-은마아파트점;깐부치킨;서울;강남구;대치동;990; 050718656102
KFC-대치동점;KFC;서울;강남구;대치동;987-20 서진빌딩; 050712922029
BHC-대치포스코점;BHC;서울;강남구;대치동;894 1층 103호; 050352587922
깐부치킨-대치사거리점;깐부치킨;서울;강남구;대치동;913-11 CMS S 1층; 050352966796
호식이두마리치킨-대치1호점;호식이두마리치킨;서울;강남구;대치동;991-9 지하 1층; 050712999764
호식이두마리치킨-대치1호점;호식이두마리치킨;서울;강남구;대치동;991-9 지하 1층; 050712999764
60계-대치점;60계치킨;서울;강남구;대치동;622 대치 클래시아 지상1층 114호; 050712995574
60계-대치점;60계치킨;서울;강남구;대치동;622 대치 클래시아 지상1층 114호; 050712995574
BBQ-대치은마점;BBQ;서울;강남구;대치동;992-4 1층; 050712968934
BBQ-대치은마점;BBQ;서울;강남구;대치동;992-4 1층; 050712968934
BHC-대치포스코점;BHC;서울;강남구;대치동;894 1층 103호; 050352587922
교촌치킨-압구정점;교촌치킨;서울;강남구;신사동;640-5 640-5 1층; 050352596731
교촌치킨-논현1호점;교촌치킨;서울;강남구;논현동;164-16 164-16 1층; 050352596688
60계치킨-서울논현점;60계치킨;서울;강남구;논현동;183-2 1층; 050352993281
BBQ-학동역점;BBQ;서울;강남구;논현동;212-18 1층; 050712900576
BBQ-학동역점;BBQ;서울;강남구;논현동;212-18 1층; 050712900576
BBQ-논현점;BBQ;서울;강남구;논현동;221-7 한양수자인 어반게이트 지하2층 제비201,202,주방23호; 050702780588
BBQ-논현점;BBQ;서울;강남구;논현동;221-7 한양수자인 어반게이트 지하2층 제비201,202,주방23호; 050702780588
BHC-세곡점;BHC;서울;강남구;율현동;71-3 엔투셀빌딩 101호; 050352958475
BHC-세곡점;BHC;서울;강남구;율현동;71-3 엔투셀빌딩 101호; 050352958475
멕시카나-세곡점;멕시카나;서울;강남구;율현동;365 강남 한신휴플러스6단지 336 강남 한신휴플러스 6단지; 050352976522
멕시카나-세곡점;멕시카나;서울;강남구;율현동;365 강남 한신휴플러스6단지 336 강남 한신휴플러스 6단지; 050352976522
멕시카나-세곡점;멕시카나;서울;강남구;율현동;365 강남 한신휴플러스6단지 336 강남 한신휴플러스 6단지; 050352976522
멕시카나-세곡점;멕시카나;서울;강남구;율현동;365 강남 한신휴플러스6단지 336 강남 한신휴플러스 6단지; 050352976522
교촌치킨-세곡점;교촌치킨;서울;강남구;자곡동;611 래미안 강남힐즈 611 래미안 강남힐즈 상가(635)동 1층 103호; 050712941949
교촌치킨-세곡점;교촌치킨;서울;강남구;자곡동;611 래미안 강남힐즈 611 래미안 강남힐즈 상가(635)동 1층 103호; 050712941949
잉카바베큐;;서울;강남구;세곡동;164-10 1층; 050718643467
60계치킨-서울세곡점;60계치킨;서울;강남구;자곡동;658 강남힐스테이트에코 1동 1층 120호; 050352947740
호식이두마리치킨-세곡점;호식이두마리치킨;서울;강남구;세곡동;525 강남데시앙파크 상가동 105호; 050712949785
호식이두마리치킨-세곡점;호식이두마리치킨;서울;강남구;세곡동;525 강남데시앙파크 상가동 105호; 050712949785
페리카나-수서점;페리카나;서울;강남구;수서동;707 수서주공영구임대아파트 112호; 050702790502
푸라닭-세곡점;푸라닭;서울;강남구;자곡동;600 강남푸르지오시티 1차 제지1층 12호; 050352957502
푸라닭-세곡점;푸라닭;서울;강남구;자곡동;600 강남푸르지오시티 1차 제지1층 12호; 050352957502
BBQ-자곡행운점;BBQ;서울;강남구;자곡동;600 강남푸르지오시티 1차 지하1층 B05호; 050352886728
BBQ-자곡행운점;BBQ;서울;강남구;자곡동;600 강남푸르지오시티 1차 지하1층 B05호; 050352886728
깐부치킨-일원점;깐부치킨;서울;강남구;일원동;687-1 1층; 050712976659
처갓집양념치킨-수서점;처갓집양념통닭;서울;강남구;수서동;725-1 목화오피스텔 1층 101호; 050352969116
처갓집양념치킨-수서점;처갓집양념통닭;서울;강남구;수서동;725-1 목화오피스텔 1층 101호; 050352969116
처갓집양념치킨-수서점;처갓집양념통닭;서울;강남구;수서동;725-1 목화오피스텔 1층 101호; 050352969116
처갓집양념치킨-수서점;처갓집양념통닭;서울;강남구;수서동;725-1 목화오피스텔 1층 101호; 050352969116
BHC-일원점;BHC;서울;강남구;일원동;627-11 옐로우하우스 1층; 050712971581
BHC-일원점;BHC;서울;강남구;일원동;627-11 옐로우하우스 1층; 050712971581
BHC-일원점;BHC;서울;강남구;일원동;627-11 옐로우하우스 1층; 050712971581
호식이두마리치킨-일원점;호식이두마리치킨;서울;강남구;일원동;662-1 지상1층; 050712929392
호식이두마리치킨-일원점;호식이두마리치킨;서울;강남구;일원동;662-1 지상1층; 050712929392
교촌치킨-일원1동점;교촌치킨;서울;강남구;일원동;645 645 지상 1층; 050352849405
교촌치킨-일원1동점;교촌치킨;서울;강남구;일원동;645 645 지상 1층; 050352849405
교촌치킨-일원1동점;교촌치킨;서울;강남구;일원동;645 645 지상 1층; 050352849405
BBQ-강남수서점;BBQ;서울;강남구;수서동;713 수서현대벤쳐빌 1164호; 050352980831
BBQ-강남수서점;BBQ;서울;강남구;수서동;713 수서현대벤쳐빌 1164호; 050352980831
또래오래-강남일원점;또래오래;서울;강남구;일원동;645-10 지상1층 103호;
또래오래-강남일원점;또래오래;서울;강남구;일원동;645-10 지상1층 103호;
BHC-강남역삼점;BHC;서울;강남구;역삼동;752-18 1층; 050352928461
BBQ-서초양재점;BBQ;서울;강남구;도곡동;950-6 1층 102호; 050718621423
BBQ-서초양재점;BBQ;서울;강남구;도곡동;950-6 1층 102호; 050718621423
맛있는집밥-본점;;서울;강남구;논현동;217-39 1층 오른쪽끝호; 050352910709
닭강정왕자떡볶이공주-신논현점;;서울;강남구;역삼동;603-4 지하1층 6호; 050352914732
신성식당;;서울;강남구;역삼동;706-20 한화 진넥스빌 706-20 한화 진넥스빌 지하1층 6호, 6-1호 주방68호;
쌍둥이식당;;서울;강남구;역삼동;706-20 한화 진넥스빌 706-20 한화 진넥스빌 지하1층 6호,6-1호 주방12호;
한솥도시락-논현힐탑점;한솥도시락;서울;강남구;논현동;222 102호;
한솥도시락-논현힐탑점;한솥도시락;서울;강남구;논현동;222 102호;
마시내탕수육-강남점;마시내탕수육;서울;강남구;논현동;153 지하1층 102호; 050352586100
리꼬리꼬;;서울;강남구;대치동;902 대치포스코더샵아파트 지층12호;
KFC-학동역점(심야);KFC;서울;강남구;논현동;208-7 1층;
KFC-역삼역점;KFC;서울;강남구;역삼동;642-10 송암II빌딩 1,2층; 050712921901
KFC-일원동점;KFC;서울;강남구;일원동;615-1 기호빌딩; 050712921977
KFC-강남구청역점;KFC;서울;강남구;삼성동;1 천마빌딩 103호; 050712922124
KFC-대치동점;KFC;서울;강남구;대치동;987-20 서진빌딩; 050712922029
KFC-압구정1점;KFC;서울;강남구;신사동;581 1층; 050712925875
KFC-학동역점;KFC;서울;강남구;논현동;208-7; 050712922032
바른치킨-매봉점;바른치킨;서울;강남구;도곡동;415-1 지상1층; 050352939559
영동옛날통닭-강남점;;서울;강남구;논현동;144-15 1층; 050352574391
버텍스미국식덮밥-논현점;버텍스미국식덮밥;서울;강남구;논현동;148 지상1층 101호 일부;
노랑통닭-강남자곡점;노랑통닭;서울;강남구;자곡동;651 강남유탑유블레스 111-1호; 050718660937
바른치킨-강남세곡점;바른치킨;서울;강남구;세곡동;587 강남지웰파인즈 1층 108호; 050712975646
바른치킨-대치점;바른치킨;서울;강남구;대치동;626 청실종합상가 102-가,나호; 050702865639
치킨매니아-강남송파점;치킨매니아;서울;강남구;수서동;738 동일아파트상가지하; 050352569803
지코바치킨-대치1호점;지코바;서울;강남구;대치동;922-27 대치4동우편취급소 1층 101호; 050718657139
바른치킨-개포점;바른치킨;서울;강남구;개포동;159-6; 050352932018
뉴욕치킨앤윙비어플러스;;서울;강남구;역삼동;646-4 2층;
지코바치킨-논현1호점;지코바;서울;강남구;논현동;212 1층 105호; 050352902574
세인트그릴;;서울;강남구;신사동;550-8 지상1층;
세인트그릴;;서울;강남구;신사동;550-8 지상1층;
세인트그릴;;서울;강남구;신사동;550-8 지상1층;
세인트그릴;;서울;강남구;신사동;550-8 지상1층;
세인트그릴;;서울;강남구;신사동;550-8 지상1층;
세인트그릴;;서울;강남구;신사동;550-8 지상1층;
세인트그릴;;서울;강남구;신사동;550-8 지상1층;
윙앤딥(WING&DIP);;서울;강남구;신사동;656-2 1층 1호;
윙앤딥(WING&DIP);;서울;강남구;신사동;656-2 1층 1호;
윙앤딥(WING&DIP);;서울;강남구;신사동;656-2 1층 1호;
브릭버거;;서울;강남구;신사동;572-1 1층; 050718619046
브릭버거;;서울;강남구;신사동;572-1 1층; 050718619046
지코바치킨-자곡1호점;지코바;서울;강남구;자곡동;662 강남 지웰홈스 102호(자곡동, 강남지웰홈스상가); 050718603891
지코바치킨-삼성1호점;지코바;서울;강남구;삼성동;26-34 지상1층 101호; 050352919004
402치킨;;서울;강남구;논현동;184-21 1층;
402치킨;;서울;강남구;논현동;184-21 1층;
402치킨;;서울;강남구;논현동;184-21 1층;
402치킨;;서울;강남구;논현동;184-21 1층;
402치킨;;서울;강남구;논현동;184-21 1층;
402치킨;;서울;강남구;논현동;184-21 1층;
402치킨;;서울;강남구;논현동;184-21 1층;
402치킨;;서울;강남구;논현동;184-21 1층;
신화불닭-강남점;;서울;강남구;논현동;218-15 두꺼비집 1층 101호; 050712957338
밤선비야식;;서울;강남구;논현동;162-16 지상101호; 050718616404
밤선비야식;;서울;강남구;논현동;162-16 지상101호; 050718616404
밤선비야식;;서울;강남구;논현동;162-16 지상101호; 050718616404
밤선비야식;;서울;강남구;논현동;162-16 지상101호; 050718616404
밤선비야식;;서울;강남구;논현동;162-16 지상101호; 050718616404
밤선비야식;;서울;강남구;논현동;162-16 지상101호; 050718616404
밤선비야식;;서울;강남구;논현동;162-16 지상101호; 050718616404
밤선비술안주;;서울;강남구;논현동;162-16 지상101호; 050718616395
밤선비술안주;;서울;강남구;논현동;162-16 지상101호; 050718616395
밤선비술안주;;서울;강남구;논현동;162-16 지상101호; 050718616395
밤선비술안주;;서울;강남구;논현동;162-16 지상101호; 050718616395
밤선비술안주;;서울;강남구;논현동;162-16 지상101호; 050718616395
밤선비술안주;;서울;강남구;논현동;162-16 지상101호; 050718616395
밤선비술안주;;서울;강남구;논현동;162-16 지상101호; 050718616395
밤선비닭발;;서울;강남구;논현동;162-16 지상101호; 050718616434
밤선비닭발;;서울;강남구;논현동;162-16 지상101호; 050718616434
밤선비닭발;;서울;강남구;논현동;162-16 지상101호; 050718616434
밤선비닭발;;서울;강남구;논현동;162-16 지상101호; 050718616434
밤선비닭발;;서울;강남구;논현동;162-16 지상101호; 050718616434
밤선비닭발;;서울;강남구;논현동;162-16 지상101호; 050718616434
밤선비닭발;;서울;강남구;논현동;162-16 지상101호; 050718616434
압구정해물&우삼겹떡볶이;;서울;강남구;신사동;638-6 B1층;
압구정해물&우삼겹떡볶이;;서울;강남구;신사동;638-6 B1층;
압구정해물&우삼겹떡볶이;;서울;강남구;신사동;638-6 B1층;
압구정해물&우삼겹떡볶이;;서울;강남구;신사동;638-6 B1층;
압구정해물&우삼겹떡볶이;;서울;강남구;신사동;638-6 B1층;
압구정분식-로데오점;;서울;강남구;신사동;638-6 B1층;
압구정분식-로데오점;;서울;강남구;신사동;638-6 B1층;
압구정분식-로데오점;;서울;강남구;신사동;638-6 B1층;
압구정분식-로데오점;;서울;강남구;신사동;638-6 B1층;
압구정분식-로데오점;;서울;강남구;신사동;638-6 B1층;
압구정볶음밥-로데오점;;서울;강남구;신사동;638-6 B1층;
압구정볶음밥-로데오점;;서울;강남구;신사동;638-6 B1층;
압구정볶음밥-로데오점;;서울;강남구;신사동;638-6 B1층;
압구정볶음밥-로데오점;;서울;강남구;신사동;638-6 B1층;
압구정볶음밥-로데오점;;서울;강남구;신사동;638-6 B1층;
로데오떡볶이&주먹밥;;서울;강남구;신사동;638-6 B1층;
로데오떡볶이&주먹밥;;서울;강남구;신사동;638-6 B1층;
로데오떡볶이&주먹밥;;서울;강남구;신사동;638-6 B1층;
로데오떡볶이&주먹밥;;서울;강남구;신사동;638-6 B1층;
로데오떡볶이&주먹밥;;서울;강남구;신사동;638-6 B1층;
로데오모듬떡볶이;;서울;강남구;신사동;638-6 B1층;
로데오모듬떡볶이;;서울;강남구;신사동;638-6 B1층;
로데오모듬떡볶이;;서울;강남구;신사동;638-6 B1층;
로데오모듬떡볶이;;서울;강남구;신사동;638-6 B1층;
로데오모듬떡볶이;;서울;강남구;신사동;638-6 B1층;
파파스토리떡볶이-본점;;서울;강남구;논현동;108 논현웰스톤 1층 125호;
파파스토리떡볶이-본점;;서울;강남구;논현동;108 논현웰스톤 1층 125호;
파파스토리떡볶이-본점;;서울;강남구;논현동;108 논현웰스톤 1층 125호;
파파스토리떡볶이-본점;;서울;강남구;논현동;108 논현웰스톤 1층 125호;
파파스토리떡볶이-본점;;서울;강남구;논현동;108 논현웰스톤 1층 125호;
준이네닭발싸군통닭-논현점;준이네닭발싸군통닭;서울;강남구;논현동;221-7 한양수자인 어반게이트 지하2층 B201호,B202호 주방1-1호;
닥치고떡볶이-강남직영점;닥치고떡볶이;서울;강남구;대치동;939-7 1층 101호;
닥치고떡볶이-강남직영점;닥치고떡볶이;서울;강남구;대치동;939-7 1층 101호;
닥치고떡볶이-강남직영점;닥치고떡볶이;서울;강남구;대치동;939-7 1층 101호;
닥치고떡볶이-강남직영점;닥치고떡볶이;서울;강남구;대치동;939-7 1층 101호;
닥치고떡볶이-강남직영점;닥치고떡볶이;서울;강남구;대치동;939-7 1층 101호;
닥치고떡볶이-강남직영점;닥치고떡볶이;서울;강남구;대치동;939-7 1층 101호;
닥치고떡볶이-강남직영점;닥치고떡볶이;서울;강남구;대치동;939-7 1층 101호;
닥치고떡볶이-강남직영점;닥치고떡볶이;서울;강남구;대치동;939-7 1층 101호;
닥치고떡볶이-강남직영점;닥치고떡볶이;서울;강남구;대치동;939-7 1층 101호;
닥치고떡볶이-강남직영점;닥치고떡볶이;서울;강남구;대치동;939-7 1층 101호;
신전떡볶이&분식;;서울;강남구;압구정동;426 현대아파트 상가2동 1층 5호; 050718633133
신전떡볶이&분식;;서울;강남구;압구정동;426 현대아파트 상가2동 1층 5호; 050718633133
신전떡볶이&분식;;서울;강남구;압구정동;426 현대아파트 상가2동 1층 5호; 050718633133
신전떡볶이&분식;;서울;강남구;압구정동;426 현대아파트 상가2동 1층 5호; 050718633133
신전떡볶이&분식;;서울;강남구;압구정동;426 현대아파트 상가2동 1층 5호; 050718633133
신전떡볶이&분식;;서울;강남구;압구정동;426 현대아파트 상가2동 1층 5호; 050718633133
신전떡볶이&분식;;서울;강남구;압구정동;426 현대아파트 상가2동 1층 5호; 050718633133
신전분식-가로수길점;신전분식;서울;강남구;압구정동;426 현대아파트 상가2동 1층 5호; 050718633132
신전분식-가로수길점;신전분식;서울;강남구;압구정동;426 현대아파트 상가2동 1층 5호; 050718633132
신전분식-가로수길점;신전분식;서울;강남구;압구정동;426 현대아파트 상가2동 1층 5호; 050718633132
신전분식-가로수길점;신전분식;서울;강남구;압구정동;426 현대아파트 상가2동 1층 5호; 050718633132
신전분식-가로수길점;신전분식;서울;강남구;압구정동;426 현대아파트 상가2동 1층 5호; 050718633132
신전분식-가로수길점;신전분식;서울;강남구;압구정동;426 현대아파트 상가2동 1층 5호; 050718633132
신전분식-가로수길점;신전분식;서울;강남구;압구정동;426 현대아파트 상가2동 1층 5호; 050718633132
신전떡볶이&오뎅튀김;;서울;강남구;압구정동;426 현대아파트 상가2동 1층 5호; 050718633131
신전떡볶이&오뎅튀김;;서울;강남구;압구정동;426 현대아파트 상가2동 1층 5호; 050718633131
신전떡볶이&오뎅튀김;;서울;강남구;압구정동;426 현대아파트 상가2동 1층 5호; 050718633131
신전떡볶이&오뎅튀김;;서울;강남구;압구정동;426 현대아파트 상가2동 1층 5호; 050718633131
신전떡볶이&오뎅튀김;;서울;강남구;압구정동;426 현대아파트 상가2동 1층 5호; 050718633131
신전떡볶이&오뎅튀김;;서울;강남구;압구정동;426 현대아파트 상가2동 1층 5호; 050718633131
신전떡볶이&오뎅튀김;;서울;강남구;압구정동;426 현대아파트 상가2동 1층 5호; 050718633131
압구정메이드;;서울;강남구;신사동;572-1 지상1층; 050702784663
미스터존슨바베큐-강남점;;서울;강남구;논현동;233-4, 지하층1호; 050712935330
질할브로스-역삼점;;서울;강남구;역삼동;642-24 역삼하이츠빌딩 역삼하이츠빌딩;
질할브로스-역삼점;;서울;강남구;역삼동;642-24 역삼하이츠빌딩 역삼하이츠빌딩;
질할브로스-역삼점;;서울;강남구;역삼동;642-24 역삼하이츠빌딩 역삼하이츠빌딩;
노랑통닭-강남자곡점;;서울;강남구;자곡동;651 강남유탑유블레스 111-1호; 050718660937
가마로강정-한티점;가마로강정;서울;강남구;대치동;908 1층 6호; 050352849926
질할브로스-청담점;;서울;강남구;청담동;124-11;
질할브로스-청담점;;서울;강남구;청담동;124-11;
질할브로스-청담점;;서울;강남구;청담동;124-11;
설맥딜리버리-논현직영점;;서울;강남구;논현동;163-17 상당빌딩 101호; 050352855678
서울3대치킨계열사-논현점;;서울;강남구;논현동;230-18  102호; 050718641198
질할브로스-역삼점;;서울;강남구;역삼동;642-24 역삼하이츠빌딩 역삼하이츠빌딩;
세인트그릴;;서울;강남구;신사동;550-8 지상1층;
클랩피자-청담점;;서울;강남구;신사동;648-24 1층;
클랩피자-청담점;;서울;강남구;신사동;648-24 1층;
클랩피자-청담점;;서울;강남구;신사동;648-24 1층;
오토김밥-역삼직영점;;서울;강남구;역삼동;720-25 디오빌역삼 지상1층 108호;
노랑통닭-강남자곡점;노랑통닭;서울;강남구;자곡동;651 강남유탑유블레스 111-1호; 050718660937
모던통닭-일원점;모던통닭;서울;강남구;일원동;666-8 102호; 050352851961
꼬치의품격-서울선릉점;꼬치의품격;서울;강남구;대치동;894 지상1층 105호;
질할브로스-청담점;;서울;강남구;청담동;124-11;
교촌치킨-청담역점;교촌치킨;서울;강남구;청담동;73 진흥아파트 73 진흥아파트 아파트상가 지상1층 5호, 6호; 050352598238
KFC-대치동점;KFC;서울;강남구;대치동;987-20 서진빌딩; 050712922029
깐부치킨-대치사거리점;깐부치킨;서울;강남구;대치동;913-11 CMS S 1층; 050352966796
깐부치킨-일원점;깐부치킨;서울;강남구;일원동;687-1 1층; 050712976659
